시도,시군구,읍면동,우편번호,주소,센터명,경도,위도,행정구역코드,인구수,nearest_er_hpid_1st,nearest_er_travel_time_1st,nearest_er_hpid_2nd,nearest_er_travel_time_2nd,nearest_er_hpid_3rd,nearest_er_travel_time_3rd,nearest_er_hpid_center,nearest_er_travel_time_center,측정시각
경북,경산시,남부동,38645,경북 경산시 경안로 68 (신교동),남부동행정복지센터,128.7391133,35.8137117,4729053000,18560,A2700019,3.2262,A2700036,5.1185,A1300081,15.7579,A1300009,33.8297,20241110_183752
경북,경산시,남산면,38572,경상북도 경산시 산양1길 9-1,남산면행정복지센터,128.8367944,35.793504,4729035000,3583,A2700019,15.534,A2700036,18.2736,A1300081,27.1477,A1300009,42.4677,20241110_183753
경북,경산시,남천면,38695,경상북도 경산시 남천면 남천로 465 남천보건지소,남천면행정복지센터,128.72685,35.766667,4729037000,2724,A2700019,11.0642,A2700036,16.2097,A2700038,16.5805,A1300009,39.6008,20241110_183755
경북,경산시,동부동,38581,경상북도 경산시 백자로 46,동부동행정복지센터,128.7536901,35.8102508,4729056000,36261,A2700019,5.19,A2700036,9.4576,A1300081,18.4599,A1300009,34.3809,20241110_183756
경북,경산시,북부동,38615,경상북도 경산시 중방로 125 (계양동),북부동행정복지센터,128.746563,35.83334,4729055000,16449,A2700036,5.82,A2700019,8.237,A1300081,13.825,A1300009,31.5974,20241110_183757
경북,경산시,서부1동,38678,경상북도 경산시 경산로 135 서부1동주민센터,서부1동행정복지센터,128.7278782,35.8205779,4729054100,30456,A2700036,7.665,A2700019,7.9615,A1300081,11.639,A1300009,28.4966,20241110_183758
경북,경산시,서부2동,38660,경상북도 경산시 경산로44길 7 경상북도 개발공사,서부2동행정복지센터,128.725875,35.8275167,4729054200,40589,A2700036,5.8312,A2700019,8.8595,A1300081,9.317,A1300009,25.961,20241110_183759
경북,경산시,압량읍,38509,경상북도 경산시 압량읍 부적길 35,압량읍행정복지센터,128.7597871,35.8433007,4729025600,21738,A2700036,10.1116,A2700019,13.5316,A1300081,15.6023,A1300009,34.5195,20241110_183800
경북,경산시,와촌면,38412,경상북도 경산시 금송로 416 와촌면행정복지센터,와촌면행정복지센터,128.8365091,35.9462951,4729031000,5257,A2700017,16.7822,A2700036,35.023,A1300081,35.7035,A1300009,43.285,20241110_183802
경북,경산시,용성면,38561,경상북도 경산시 용성면 원효로 1423,용성면행정복지센터,128.8758276,35.7933343,4729034000,3234,A2700019,22.9201,A2700036,23.4567,A2700017,31.7628,A1300009,47.8737,20241110_183804
경북,경산시,자인면,38555,경상북도 경산시 자인면 일연로 82,자인면행정복지센터,128.8226,35.820858,4729033000,5227,A2700036,15.776,A2700019,16.1314,A1300081,26.8005,A1300009,36.7073,20241110_183805
경북,경산시,중방동,38624,경상북도 경산시 중앙초등길 62 중방동 행정복지센터,중방동행정복지센터,128.733925,35.827058,4729051000,10810,A2700036,2.1441,A2700019,8.0997,A1300081,11.6016,A1300009,29.7614,20241110_183806
경북,경산시,중앙동,38634,경상북도 경산시 경안로30길 18,중앙동행정복지센터,128.7402826,35.8197951,4729052000,5855,A2700019,3.7171,A2700036,4.4241,A1300081,15.6599,A1300009,33.1915,20241110_183807
경북,경산시,진량읍,38487,경상북도 경산시 진량읍 다문로 50,진량읍행정복지센터,128.8162125,35.8739904,4729025300,33548,A1300018,21.4431,A2700017,22.1593,A2700036,22.1835,A1300009,29.3648,20241110_183808
경북,경산시,하양읍,38431,경상북도 경산시 하양읍 문화로 36,하양읍행정복지센터,128.8122901,35.9123859,4729025000,32660,A2700017,18.0435,A2700036,29.8356,A1300018,30.4836,A1300009,39.2302,20241110_183810
경북,경주시,감포읍,38125,경상북도 경주시 감포읍 감포로8길 14-8,감포읍행정복지센터,129.5016436,35.8074109,4713025000,5200,A2700008,42.1619,A2700016,45.8772,A2700005,47.5151,A2700002,48.9029,20241110_183811
경북,경주시,강동면,38004,경상북도 경주시 강동면 강동로 19,강동면행정복지센터,129.273313,35.987785,4713037000,5940,A2700008,12.49,A2700016,13.2608,A2700005,15.8223,A2700002,17.8355,20241110_183813
경북,경주시,건천읍,38178,경상북도 경주시 건천읍 내서로 1106,건천읍행정복지센터,129.1019346,35.8499328,4713025600,9744,A2700003,18.0606,A2700097,19.7123,A2700017,23.9887,A2700003,18.0613,20241110_183813
경북,경주시,내남면,38193,경상북도 경주시 내남면 이조중앙길 31,내남면행정복지센터,129.2001359,35.7524042,4713033000,4436,A2700097,17.4339,A2700003,17.5179,A2700008,45.8257,A2700003,17.518,20241110_183815
경북,경주시,동천동,38103,경상북도 경주시 대안길 45,동천동행정복지센터,129.2226219,35.8541722,4713063000,20853,A2700097,7.3632,A2700003,8.1729,A2700008,31.7776,A2700003,8.1729,20241110_183816
경북,경주시,문무대왕면,38121,경상북도 경주시 문무대왕면 어일중앙길 24,문무대왕면행정복지센터,129.443125,35.791133,4713031500,4114,A2700008,30.3539,A2700016,34.0765,A2700005,35.7119,A2700002,37.0087,20241110_183817
경북,경주시,보덕동,38118,경상북도 경주시 경감로 593,보덕동행정복지센터,129.28745,35.834699,4713066000,1658,A2700003,18.1729,A2700097,18.844,A2700008,41.7382,A2700003,18.1733,20241110_183818
경북,경주시,불국동,38129,경상북도 경주시 산업로 3008,불국동행정복지센터,129.3006248,35.775264,4713065000,9765,A2700097,20.9151,A2700003,25.4934,A2700008,41.8451,A2700003,25.4888,20241110_183820
경북,경주시,산내면,38186,경상북도 경주시 산내면 문복로 1822,산내면행정복지센터,129.0443956,35.7557456,4713034000,3195,A2700003,31.1339,A2700097,32.6,A2700017,37.9227,A2700003,31.1339,20241110_183821
경북,경주시,서면,38053,경상북도 경주시 서면 내서로 458,서면행정복지센터,129.0525474,35.8913424,4713035000,2983,A2700017,20.6853,A2700003,22.0863,A2700097,24.9996,A2700003,22.0848,20241110_183822
경북,경주시,선도동,38057,경상북도 경주시 태종로 416,선도동행정복지센터,129.1748665,35.8436313,4713059000,14172,A2700003,8.6198,A2700097,10.799,A2700008,37.9059,A2700003,8.6237,20241110_183823
경북,경주시,성건동,38135,경상북도 경주시 금성로 370,성건동행정복지센터,129.20735,35.850824,4713055000,13164,A2700097,3.4527,A2700003,5.3615,A2700008,34.6138,A2700003,5.3615,20241110_183824
경북,경주시,안강읍,38023,경상북도 경주시 안강읍 비화원로 47,안강읍행정복지센터,129.2270258,35.990128,4713025300,22597,A2700003,16.636,A2700008,17.3797,A2700016,18.075,A2700003,16.636,20241110_183825
경북,경주시,양남면,38220,경상북도 경주시 양남면 다래길 8,양남면행정복지센터,129.4603262,35.6778108,4713032000,6363,A2700008,47.0147,A2700016,50.6465,A2700005,52.335,A2700002,53.5372,20241110_183826
경북,경주시,외동읍,38213,경상북도 경주시 외동읍 읍청사로 25,외동읍행정복지센터,129.327637,35.7175474,4713025900,21587,A2700097,29.8947,A2700003,35.1525,A2700008,40.6988,A2700003,35.143,20241110_183828
경북,경주시,용강동,38095,경상북도 경주시 토용길 20,용강동행정복지센터,129.223187,35.864257,4713061500,25317,A2700097,8.8686,A2700003,9.4213,A2700008,28.6656,A2700003,9.4213,20241110_183829
경북,경주시,월성동,38164,경상북도 경주시 원화로 177,월성동행정복지센터,129.219575,35.83654,4713060500,5494,A2700097,9.7046,A2700003,13.2734,A2700008,38.2303,A2700003,13.2734,20241110_183830
경북,경주시,중부동,38157,경상북도 경주시 원효로 50,중부동행정복지센터,129.2062327,35.8420342,4713051500,4641,A2700097,3.137,A2700003,7.4332,A2700016,36.4963,A2700003,7.4332,20241110_183831
경북,경주시,천북면,38035,경상북도 경주시 천북면 천북로 383,천북면행정복지센터,129.2711256,35.8953299,4713038000,5583,A2700003,15.2193,A2700097,19.4618,A2700008,25.9762,A2700003,15.2221,20241110_183833
경북,경주시,현곡면,38051,경상북도 경주시 현곡면 금장2길 12,현곡면행정복지센터,129.2023949,35.8664403,4713036000,21853,A2700003,3.0093,A2700097,8.4831,A2700008,27.1798,A2700003,3.0093,20241110_183834
경북,경주시,황남동,38167,경상북도 경주시 첨성로 47,황남동행정복지센터,129.2075032,35.8335506,4713057000,3867,A2700097,5.8609,A2700003,9.2997,A2700008,39.0913,A2700003,9.2997,20241110_183835
경북,경주시,황성동,38074,경상북도 경주시 갓뒤동녘길 37,황성동행정복지센터,129.219185,35.8722285,4713062100,27118,A2700003,9.1959,A2700097,11.1049,A2700008,29.1923,A2700003,9.1959,20241110_183836
경북,경주시,황오동,38146,경상북도 경주시 북성로 130,황오동행정복지센터,129.216013,35.84694,4713053000,5721,A2700097,3.6785,A2700003,8.6935,A2700008,33.9829,A2700003,8.6935,20241110_183837
경북,고령군,개진면,40147,경상북도 고령군 개진면 개경포로 589-9,개진면행정복지센터,128.3502095,35.708153,4783035000,1837,A2700070,12.8241,A1303449,25.4002,A2700030,39.8904,A1300003,46.1335,20241110_183838
경북,고령군,다산면,40104,경상북도 고령군 다산면 다산로 681,다산면행정복지센터,128.4521122,35.8226936,4783034000,8474,A1300038,17.2865,A1300006,20.7767,A1300003,20.8246,A1300003,20.8231,20241110_183839
경북,고령군,대가야읍,40136,경상북도 고령군 대가야읍 중앙로 1,대가야읍행정복지센터,128.2679275,35.7304254,4783025300,9450,A2700070,1.9079,A1303449,30.035,A2700030,31.216,A1300003,39.5735,20241110_183840
경북,고령군,덕곡면,40127,경상북도 고령군 덕곡면 덕운로 570,덕곡면행정복지센터,128.232937,35.77935,4783031000,1444,A2700070,11.8108,A2700030,31.6115,A2700066,43.3739,A2700012,57.3311,20241110_183842
경북,고령군,성산면,40118,경상북도 고령군 성산면 성산로 897,성산면행정복지센터,128.359862,35.749926,4783033000,2489,A2700070,9.9696,A1303449,20.2205,A2700030,26.3477,A1300003,29.8946,20241110_183843
경북,고령군,쌍림면,40163,경상북도 고령군 쌍림면 대가야로 613,쌍림면행정복지센터,128.2418429,35.679681,4783037000,3233,A2700070,8.2162,A2700030,33.9585,A1303449,39.9427,A1300003,49.7753,20241110_183844
경북,고령군,우곡면,40152,경상북도 고령군 우곡면 도진3길 21,우곡면행정복지센터,128.342087,35.67796,4783036000,1529,A2700070,14.141,A1303449,29.4101,A1300038,40.0479,A1300003,43.4613,20241110_183845
경북,고령군,운수면,40123,경상북도 고령군 운수면 운용로 106,운수면행정복지센터,128.29045,35.769067,4783032000,1744,A2700070,6.8787,A2700030,26.4698,A1303449,31.3949,A1300003,34.7985,20241110_183846
경북,구미시,고아읍,39142,경상북도 구미시 고아읍 선산대로 980,고아읍행정복지센터,128.3283922,36.2109468,4719025300,38950,A2700007,23.1927,A2700013,25.7209,A2700015,28.0422,A2700013,25.7212,20241110_183848
경북,구미시,공단동,39375,경상북도 구미시 1공단로 198-8,공단동주민센터,128.384463,36.10144,4719070000,4087,A2700013,2.1731,A2700007,11.0869,A2700015,15.0753,A2700013,2.1731,20241110_183848
경북,구미시,광평동,39345,경상북도 구미시 광평길 55,광평동주민센터,128.3660419,36.1047125,4719063000,4099,A2700013,5.4204,A2700007,6.9371,A2700015,16.8893,A2700013,5.4204,20241110_183849
경북,구미시,도개면,39103,경상북도 구미시 도개면 도안로 103,도개면행정복지센터,128.330813,36.299558,4719033000,2034,A2700063,22.495,A2700009,23.948,A2700007,28.635,A2700013,31.3291,20241110_183850
경북,구미시,도량동,39198,경상북도 구미시 문장로12길 1,도량동주민센터,128.332575,36.1405404,4719055100,27036,A2700007,11.9626,A2700013,17.8928,A2700015,26.5211,A2700013,17.8928,20241110_183851
경북,구미시,무을면,39101,경상북도 구미시 무을면 상무로 981,무을면행정복지센터,128.1974625,36.2607667,4719031000,1772,A2700018,27.55,A2700012,27.6616,A2700011,29.9431,A2700012,27.6615,20241110_183852
경북,구미시,비산동,39244,경상북도 구미시 비산로 4,비산동주민센터,128.3722,36.119324,4719061000,12485,A2700013,7.6046,A2700007,12.239,A2700015,14.8353,A2700013,7.6046,20241110_183852
경북,구미시,산동읍,39159,경상북도 구미시 산동읍 강동로 1038-5,산동읍행정복지센터,128.43415,36.1696763,4719025600,30667,A2700013,19.3042,A2700015,19.8419,A2700007,26.2445,A2700013,19.3177,20241110_183853
경북,구미시,상모사곡동,39325,경상북도 구미시 박정희로188,상모사곡동주민센터,128.3534996,36.0953818,4719064500,29497,A2700007,7.4317,A2700013,11.1366,A2700015,20.5143,A2700013,11.1366,20241110_183854
경북,구미시,선산읍,39119,경상북도 구미시 선산읍 선산중앙로 71-1,선산읍행정복지센터,128.298975,36.242976,4719025000,13658,A2700007,24.8007,A2700013,27.2865,A2700015,29.6151,A2700013,27.287,20241110_183855
경북,구미시,선주원남동,39210,경상북도 구미시 봉곡로 42,선주원남동주민센터,128.3102,36.1425904,4719056500,36925,A2700007,14.4886,A2700013,19.4547,A2700066,26.2637,A2700013,19.4557,20241110_183856
경북,구미시,송정동,39280,경상북도 구미시 송원동로 10,송정동주민센터,128.3471819,36.1185139,4719051000,23346,A2700007,5.0723,A2700013,12.5102,A2700015,19.996,A2700013,12.5117,20241110_183857
경북,구미시,신평1동,39237,경상북도 구미시 칠성로 32,신평1동주민센터,128.359275,36.1209071,4719059000,4640,A2700007,6.0346,A2700013,10.5353,A2700015,18.3221,A2700013,10.5353,20241110_183858
경북,구미시,신평2동,39250,경상북도 구미시 신비로7길 9,신평2동주민센터,128.3657125,36.1231654,4719060000,2947,A2700007,10.6263,A2700013,11.3055,A2700015,18.4418,A2700013,11.3055,20241110_183859
경북,구미시,양포동,39184,경상북도 구미시 산호대로35길 6,양포동주민센터,128.4258,36.1369821,4719069000,44680,A2700013,13.1921,A2700015,16.1471,A2700007,18.9866,A2700013,13.194,20241110_183900
경북,구미시,옥성면,39102,경상북도 구미시 옥성면 주아령로 415,옥성면행정복지센터,128.278775,36.295783,4719032000,1620,A2700063,25.4474,A2700009,27.0263,A2700011,30.5213,A2700013,37.5116,20241110_183901
경북,구미시,원평동,39227,경상북도 구미시 구미중앙로25길 20,원평동주민센터,128.3400005,36.127033,4719053500,9512,A2700007,7.081,A2700013,15.7398,A2700015,23.1396,A2700013,15.7397,20241110_183902
경북,구미시,인동동,39434,경상북도 구미시 인동15길 42,인동동주민센터,128.4291963,36.1042563,4719067000,46096,A2700015,7.1871,A2700013,15.6227,A2700007,22.1411,A2700013,15.6224,20241110_183903
경북,구미시,임오동,39351,경상북도 구미시 임은길 61,임오동주민센터,128.369238,36.089282,4719066000,17523,A2700013,6.374,A2700007,10.9671,A2700015,17.4857,A2700013,6.374,20241110_183903
경북,구미시,장천면,39453,경상북도 구미시 장천면 강동로 184,장천면행정복지센터,128.4951,36.125907,4719036000,2780,A2700015,21.1252,A2700013,21.7427,A1300010,28.6572,A2700013,21.7393,20241110_183904
경북,구미시,지산동,39192,경상북도 구미시 선산대로 105,지산동주민센터,128.3458125,36.1394321,4719055500,1868,A2700007,9.429,A2700013,16.5807,A2700015,23.2386,A2700013,16.5895,20241110_183905
경북,구미시,진미동,39397,경상북도 구미시 이계북로 149,진미동주민센터,128.4186119,36.1060634,4719068000,16532,A2700015,4.5675,A2700013,8.6637,A2700007,15.9307,A2700013,8.6637,20241110_183906
경북,구미시,해평면,39154,경상북도 구미시 해평면 강동로 1672,해평면행정복지센터,128.391288,36.199835,4719034000,3683,A2700015,22.9062,A2700013,23.0782,A2700007,23.3435,A2700013,23.0724,20241110_183907
경북,구미시,형곡1동,39293,경상북도 구미시 경은로 52,형곡1동주민센터,128.334438,36.114007,4719058200,12799,A2700007,3.8162,A2700013,13.8324,A2700015,24.2566,A2700013,13.8324,20241110_183908
경북,구미시,형곡2동,39318,경상북도 구미시 형곡로 180,형곡2동주민센터,128.3355323,36.1062452,4719058300,15455,A2700007,5.1256,A2700013,11.3324,A2700015,21.971,A2700013,11.3324,20241110_183909
경북,김천시,감문면,39512,경상북도 김천시 감문면 감문로 1055,감문면행정복지센터,128.1810064,36.2142223,4715035000,3114,A2700018,18.5585,A2700012,18.5943,A2700007,34.3548,A2700012,18.5943,20241110_183910
경북,김천시,감천면,39681,경상북도 김천시 감천면 금감로 1552,감천면행정복지센터,128.1255005,36.0659251,4715039000,1791,A2700018,11.3264,A2700012,13.3487,A2700030,34.1754,A2700012,13.3487,20241110_183911
경북,김천시,개령면,39504,경상북도 김천시 개령면 동부길59-14,개령면행정복지센터,128.1861813,36.1676998,4715034000,2241,A2700018,11.6631,A2700012,11.8587,A2700007,28.0229,A2700012,11.8587,20241110_183911
경북,김천시,구성면,39685,경상북도 김천시 구성면 상좌원1길 16,구성면행정복지센터,128.0474332,36.0327241,4715041000,2616,A2700018,18.4989,A2700012,21.1074,A2700030,41.4772,A2700012,21.1064,20241110_183912
경북,김천시,남면,39661,경상북도 김천시 남면 옥산길 44,남면행정복지센터,128.189496,36.1079173,4715032000,2944,A2700012,14.3831,A2700018,14.8788,A2700030,27.2109,A2700012,14.3831,20241110_183914
경북,김천시,농소면,39659,경상북도 김천시 농소면 농남로 42,농소면행정복지센터,128.1723227,36.1060922,4715031000,3089,A2700012,11.8288,A2700018,12.4161,A2700030,25.5817,A2700012,11.8288,20241110_183914
경북,김천시,대곡동,39629,경상북도 김천시 부곡길 2,대곡동행정복지센터,128.0892426,36.1244724,4715059500,20248,A2700018,11.0472,A2700012,11.8747,A2700011,36.4896,A2700012,11.8747,20241110_183915
경북,김천시,대덕면,39698,경상북도 김천시 대덕면 남김천대로 721,대덕면행정복지센터,127.9686561,35.9179469,4715044000,2181,A2700018,31.15,A2700012,33.7571,A2700030,47.0071,A2700012,33.7699,20241110_183917
경북,김천시,대신동,39547,경상북도 김천시 신양1길 22,대신동행정복지센터,128.1158592,36.1353069,4715057500,23846,A2700012,2.9368,A2700018,7.256,A2700011,33.3677,A2700012,2.9368,20241110_183918
경북,김천시,대항면,39564,경상북도 김천시 대항면 황악로 1563,대항면행정복지센터,128.0221239,36.1244378,4715038000,3185,A2700018,19.806,A2700012,20.384,A2700011,37.763,A2700012,20.388,20241110_183918
경북,김천시,봉산면,39563,경상북도 김천시 봉산면 예지송정길 11,봉산면행정복지센터,128.0602698,36.1414787,4715037000,2854,A2700012,13.4162,A2700018,13.6165,A2700011,31.8257,A2700012,13.4301,20241110_183919
경북,김천시,부항면,39689,경상북도 김천시 부항면 부항로 834,부항면행정복지센터,127.955109,35.990228,4715043000,1214,A2700018,29.8175,A2700012,32.3836,A2700030,52.6349,A2700012,32.3836,20241110_183920
경북,김천시,아포읍,39674,경상북도 김천시 아포읍 국사길 63,아포읍행정복지센터,128.253401,36.1598889,4715025000,7633,A2700018,20.0346,A2700012,20.1971,A2700007,20.7763,A2700013,23.6925,20241110_183921
경북,김천시,양금동,39618,경상북도 김천시 강변로 178,양금동행정복지센터,128.1233942,36.110466,4715056500,3472,A2700018,4.3742,A2700012,8.1476,A2700030,34.0759,A2700012,8.1476,20241110_183923
경북,김천시,어모면,39504,경상북도 김천시 어모면 어모로 279,어모면행정복지센터,128.1187498,36.1805798,4715036000,3993,A2700012,10.8826,A2700018,16.0587,A2700011,27.759,A2700012,10.8826,20241110_183923
경북,김천시,율곡동,39660,경상북도 김천시 혁신4로 21,율곡동행정복지센터,128.1837472,36.1213716,4715064000,23378,A2700018,13.2565,A2700012,13.468,A2700007,29.9696,A2700012,13.4647,20241110_183924
경북,김천시,자산동,39578,경상북도 김천시 용암로 27,자산동행정복지센터,128.127875,36.1222487,4715051600,5982,A2700018,1.0615,A2700012,5.2232,A2700030,35.5866,A2700012,5.2232,20241110_183926
경북,김천시,조마면,39693,경상북도 김천시 조마면 강곡1길 32,조마면행정복지센터,128.099025,36.03495,4715040000,2085,A2700018,15.4794,A2700012,17.9423,A2700030,39.4113,A2700012,17.9423,20241110_183927
경북,김천시,증산면,39696,경상북도 김천시 증산면 증산로 945-7,증산면행정복지센터,128.0352033,35.9019768,4715045000,965,A2700030,40.2418,A2700018,40.6276,A2700012,43.2326,A2700012,43.2323,20241110_183928
경북,김천시,지례면,39691,경상북도 김천시 지례면 상부길 101,지례면행정복지센터,128.02665,35.984793,4715042000,1397,A2700018,22.4508,A2700012,25.0817,A2700030,49.853,A2700012,25.0817,20241110_183929
경북,김천시,지좌동,39647,경상북도 김천시 영남대로 1940,지좌동행정복지센터,128.1423343,36.120007,4715061000,10562,A2700012,6.4473,A2700018,6.6731,A2700030,31.3622,A2700012,6.4473,20241110_183930
경북,김천시,평화남산동,39607,경상북도 김천시 평화순환길 291,평화남산동행정복지센터,128.1162617,36.1205621,4715053600,6977,A2700018,6.0788,A2700012,8.5354,A2700011,36.9831,A2700012,8.5354,20241110_183930
경북,문경시,가은읍,36996,경상북도 문경시 가은읍 가은로 123,가은읍행정복지센터,128.0620398,36.6426866,4728025300,3887,A2700006,24.3525,A2700011,41.7845,A2700009,42.1907,A2700006,24.3565,20241110_183931
경북,문경시,농암면,37000,경상북도 문경시 농암면 농암길 50,농암면행정복지센터,128.0029384,36.6009478,4728037000,2507,A2700006,24.3773,A2700011,38.9755,A2700009,39.302,A2700006,24.3773,20241110_183932
경북,문경시,동로면,36902,경상북도 문경시 동로면 벌재장터길 8-7,동로면행정복지센터,128.3149837,36.7733563,4728035000,1945,A2700023,34.497,A2700006,38.6783,A2700011,57.4772,A2700006,38.6783,20241110_183933
경북,문경시,마성면,36924,경상북도 문경시 마성면 은성로 1661,마성면행정복지센터,128.116675,36.692626,4728036000,3285,A2700006,19.4896,A2700009,36.6407,A2700011,36.8533,A2700006,19.4884,20241110_183934
경북,문경시,문경읍,36916,경상북도 문경시 문경읍 청운로 55,문경읍행정복지센터,128.1070111,36.7373076,4728025000,6707,A2700006,24.7642,A2700011,38.3099,A2700009,38.7132,A2700006,24.7633,20241110_183935
경북,문경시,산북면,36910,경상북도 문경시 산북면 금천로 586,산북면행정복지센터,128.259413,36.656032,4728034000,2585,A2700006,16.7645,A2700023,30.9894,A2700011,35.6132,A2700006,16.7644,20241110_183936
경북,문경시,산양면,36935,경상북도 문경시 산양면 불암2길 8-5,산양면행정복지센터,128.258675,36.611732,4728032000,2943,A2700006,12.1674,A2700023,22.5927,A2700011,30.8265,A2700006,12.1673,20241110_183937
경북,문경시,영순면,36942,경상북도 문경시 영순면 산남로 23,영순면행정복지센터,128.235987,36.582083,4728031000,2288,A2700006,10.7166,A2700023,27.987,A2700011,30.2444,A2700006,10.7166,20241110_183938
경북,문경시,점촌1동,36969,경상북도 문경시 점촌로 54-3,점촌1동행정복지센터,128.1977725,36.5986308,4728057000,5352,A2700006,6.5865,A2700011,27.4836,A2700009,27.7273,A2700006,6.5865,20241110_183939
경북,문경시,점촌2동,36949,경상북도 문경시 중앙로 50,점촌2동행정복지센터,128.1961082,36.5900855,4728058000,6515,A2700006,4.3561,A2700011,25.7351,A2700009,26.0204,A2700006,4.3561,20241110_183939
경북,문경시,점촌3동,36962,경상북도 문경시 신흥로 254,점촌3동행정복지센터,128.2065781,36.6029838,4728059000,8480,A2700006,7.0385,A2700011,26.2317,A2700009,26.47,A2700006,7.0385,20241110_183940
경북,문경시,점촌4동,36991,경상북도 문경시 공평로 71,점촌4동행정복지센터,128.1823,36.605532,4728060000,2914,A2700006,7.6939,A2700011,28.2727,A2700009,29.4767,A2700006,7.6939,20241110_183941
경북,문경시,점촌5동,36978,경상북도 문경시 매봉로 65,점촌5동행정복지센터,128.1800782,36.590444,4728061000,15841,A2700006,4.4696,A2700011,24.7781,A2700009,25.0832,A2700006,4.4696,20241110_183942
경북,문경시,호계면,36929,경상북도 문경시 호계면 막곡장터길 11,호계면행정복지센터,128.2058423,36.6312721,4728033000,2295,A2700006,11.3899,A2700023,27.7307,A2700011,30.1369,A2700006,11.3902,20241110_183942
경북,봉화군,명호면,36252,경상북도 봉화군 명호면 도천길 18 ,명호면행정복지센터,128.8995404,36.8586687,4792037000,2112,A2700071,24.5314,A2700001,51.0059,A2700004,52.0912,A2700004,52.0911,20241110_183943
경북,봉화군,물야면,36202,경상북도 봉화군 물야면 문수로 991,물야면행정복지센터,128.7358042,36.9751835,4792031000,2837,A2700071,13.8738,A2702752,29.5763,A2700031,30.1613,A2700004,57.6012,20241110_183944
경북,봉화군,법전면,36219,경상북도 봉화군 법전면 법전로 100 ,법전면행정복지센터,128.8769326,36.910752,4792033000,1902,A2700071,17.2692,A2700031,26.0557,A2700020,26.6439,A2700004,53.5777,20241110_183946
경북,봉화군,봉성면,36230,경상북도 봉화군 봉성면 옥마로 23 ,봉성면행정복지센터,128.81805,36.885924,4792032000,1912,A2700071,13.8573,A2702752,24.598,A2700031,25.3582,A2700004,53.2612,20241110_183947
경북,봉화군,봉화읍,36238,경상북도 봉화군 봉화읍 내성로3길 9,봉화읍행정복지센터,128.7395875,36.8876904,4792025000,9189,A2700071,3.2688,A2702752,17.155,A2700031,17.8967,A2700004,45.2689,20241110_183948
경북,봉화군,상운면,36244,경상북도 봉화군 상운면 예봉로 1281 ,상운면행정복지센터,128.755175,36.833815,4792038000,1625,A2700071,13.5888,A2702752,23.3161,A2700031,24.0,A2700004,34.1583,20241110_183949
경북,봉화군,석포면,36272,경상북도 봉화군 석포면 석포로1길 55 ,석포면행정복지센터,129.0651481,37.0486623,4792039000,1798,A2700071,51.9071,A2700052,67.929,A2700026,81.1049,A2700004,86.5404,20241110_183950
경북,봉화군,소천면,36266,경상북도 봉화군 소천면 소천로 1294 ,소천면행정복지센터,129.0030884,36.9377006,4792035000,2090,A2700071,27.2686,A2700026,58.1424,A2700004,62.7481,A2700004,62.7478,20241110_183952
경북,봉화군,재산면,36262,경상북도 봉화군 재산면 대내골길 4,재산면행정복지센터,128.9620772,36.816085,4792036000,1413,A2700071,37.3694,A2700026,40.1327,A2700001,53.9231,A2700004,54.8641,20241110_183953
경북,봉화군,춘양면,36216,경상북도 봉화군 춘양면 의양로5길 19 ,춘양면행정복지센터,128.914875,36.935118,4792034000,4204,A2700071,22.667,A2700031,31.3607,A2700004,58.8302,A2700004,58.8313,20241110_183954
경북,상주시,계림동,37176,경상북도 상주시 냉림1길 50,계림동행정복지센터,128.164288,36.422093,4725054000,8822,A2700009,2.518,A2700011,5.8168,A2700006,23.0537,A2700006,23.0552,20241110_183955
경북,상주시,공검면,37132,경상북도 상주시 공검면 비재로 1308,공검면행정복지센터,128.158638,36.51215,4725045000,2007,A2700006,12.0817,A2700011,16.5749,A2700009,16.606,A2700006,12.0817,20241110_183956
경북,상주시,공성면,37267,경상북도 상주시 공성면 공성중앙로 67,공성면행정복지센터,128.0924754,36.283428,4725035000,3791,A2700012,18.5221,A2700011,19.7462,A2700009,22.6045,A2700012,18.5169,20241110_183956
경북,상주시,낙동면,37249,경상북도 상주시 낙동면 상촌1길 29,낙동면행정복지센터,128.248125,36.374982,4725033000,3759,A2700009,18.0523,A2700063,19.9186,A2700011,21.6241,A2700006,26.2359,20241110_183957
경북,상주시,남원동,37200,경상북도 상주시 중앙로 132,남원동행정복지센터,128.1525784,36.4154898,4725052000,11163,A2700011,1.3265,A2700009,4.054,A2700006,20.9049,A2700006,20.9049,20241110_183959
경북,상주시,내서면,37150,경상북도 상주시 내서면 신촌2길 8,내서면행정복지센터,128.0675678,36.4122846,4725037000,1804,A2700011,12.1721,A2700009,15.0007,A2700006,29.9314,A2700006,29.9307,20241110_184000
경북,상주시,동문동,37233,경상북도 상주시 복룡2길 23,동문동행정복지센터,128.169138,36.41741,4725055000,7441,A2700011,5.777,A2700009,5.979,A2700006,23.2943,A2700006,23.2939,20241110_184001
경북,상주시,동성동,37232,경상북도 상주시 성동새싹길 42,동성동행정복지센터,128.16975,36.415315,4725056000,3249,A2700011,5.8005,A2700009,5.8524,A2700006,27.145,A2700006,27.1113,20241110_184002
경북,상주시,모동면,37271,경상북도 상주시 모동면 용호3길 5,모동면행정복지센터,127.9594085,36.3201456,4725038000,2513,A2700011,33.8481,A2700009,36.6381,A2700012,38.0889,A2700012,38.0889,20241110_184003
경북,상주시,모서면,37275,경상북도 상주시 모서면 중화로 901,모서면행정복지센터,127.96005,36.342465,4725039000,2345,A2700011,29.8415,A2700009,32.4986,A2700012,41.5544,A2700012,41.5544,20241110_184004
경북,상주시,북문동,37160,경상북도 상주시 북천로 63,북문동행정복지센터,128.157775,36.429026,4725053000,9194,A2700009,3.7078,A2700011,6.4879,A2700006,20.3269,A2700006,20.3316,20241110_184005
경북,상주시,사벌국면,37127,경상북도 상주시 사벌국면 덕담1길 39,사벌국면행정복지센터,128.208587,36.466368,4725032500,3651,A2700009,13.987,A2700011,17.8109,A2700006,19.9364,A2700006,19.9363,20241110_184006
경북,상주시,신흥동,37218,경상북도 상주시 상산로 141,신흥동행정복지센터,128.1599339,36.4035959,4725057000,8472,A2700011,5.1972,A2700009,7.5574,A2700006,26.6662,A2700006,26.671,20241110_184006
경북,상주시,외남면,37259,경상북도 상주시 외남면 석단로 932,외남면행정복지센터,128.0894125,36.3574404,4725036000,1505,A2700011,17.0541,A2700009,19.9033,A2700012,27.6343,A2700012,27.6343,20241110_184007
경북,상주시,외서면,37136,경상북도 상주시 외서면 가곡1길 2,외서면행정복지센터,128.108138,36.479326,4725043000,2515,A2700009,19.152,A2700011,19.219,A2700006,21.8108,A2700006,21.8106,20241110_184008
경북,상주시,은척면,37104,경상북도 상주시 은척면 봉중2길 2,은척면행정복지센터,128.071513,36.531725,4725044000,1453,A2700006,23.3994,A2700009,30.9093,A2700011,30.9855,A2700006,23.3994,20241110_184010
경북,상주시,이안면,37107,경상북도 상주시 이안면 양범안룡길 46,이안면행정복지센터,128.1455,36.579433,4725046000,1937,A2700006,8.9562,A2700011,24.5907,A2700009,24.8955,A2700006,8.9562,20241110_184011
경북,상주시,중동면,37245,경상북도 상주시 중동면 공산로 9,중동면행정복지센터,128.2715375,36.4263263,4725031000,1295,A2700009,17.9653,A2700011,21.6916,A2700063,23.8451,A2700006,25.6842,20241110_184011
경북,상주시,청리면,37255,경상북도 상주시 청리면 원장1길 12,청리면행정복지센터,128.130563,36.338624,4725034000,2416,A2700011,14.5198,A2700009,17.2578,A2700012,23.0859,A2700012,23.0859,20241110_184012
경북,상주시,함창읍,37115,경상북도 상주시 함창읍 함창중앙로 135    ,함창읍행정복지센터,128.179438,36.570192,4725025000,6156,A2700006,7.1036,A2700011,23.0148,A2700009,23.3592,A2700006,7.1036,20241110_184014
경북,상주시,화남면,37137,경상북도 상주시 화남면 평온동관로 3,화남면행정복지센터,127.905575,36.448318,4725047000,796,A2700011,29.0546,A2700009,31.5399,A2700012,43.7274,A2700012,43.7274,20241110_184015
경북,상주시,화동면,37146,경상북도 상주시 화동면 이소1길 42-5,화동면행정복지센터,127.954175,36.389532,4725040000,1873,A2700011,25.6723,A2700009,28.3527,A2700006,42.7582,A2700012,49.6881,20241110_184016
경북,상주시,화북면,37102,경상북도 상주시 화북면 문장로 1739,화북면행정복지센터,127.9172092,36.5632573,4725042000,1454,A2700006,37.1702,A2700011,42.2407,A2700009,44.941,A2700006,37.1702,20241110_184017
경북,상주시,화서면,37139,경상북도 상주시 화서면 화령로 45,화서면행정복지센터,127.951397,36.4454358,4725041000,2841,A2700011,24.9247,A2700009,27.5431,A2700012,39.6083,A2700006,43.037,20241110_184018
경북,성주군,가천면,40060,경상북도 성주군 가천면 가천로 63,가천면행정복지센터,128.1662,35.884407,4784034000,1932,A2700030,13.6268,A2700070,21.9069,A2700018,36.9235,A2700012,39.1091,20241110_184019
경북,성주군,금수강산면,40059,경상북도 성주군 금수면 성주로 1883,금수면행정복지센터,128.1760221,35.9195131,4784035500,1173,A2700030,16.9853,A2700070,26.1788,A2700018,33.0037,A2700012,35.1614,20241110_184020
경북,성주군,대가면,40056,경상북도 성주군 대가면 동강한강로 891,대가면행정복지센터,128.2287603,35.9103532,4784036000,2242,A2700030,8.0872,A2700070,25.3742,A2700012,34.0091,A2700012,34.0091,20241110_184021
경북,성주군,벽진면,40002,경상북도 성주군 벽진면 수촌길 12,벽진면행정복지센터,128.2164631,35.9485247,4784037000,2927,A2700030,10.823,A2700070,32.1629,A2700018,36.8183,A2700012,38.9354,20241110_184022
경북,성주군,선남면,40045,경상북도 성주군 선남면 관화길 96,선남면행정복지센터,128.351788,35.900857,4784031000,5954,A2700030,9.5189,A2700066,19.6388,A1300003,22.3302,A2700013,32.8377,20241110_184023
경북,성주군,성주읍,40029,경상북도 성주군 성주읍 성주읍1길 13,성주읍행정복지센터,128.2896145,35.918964,4784025000,13212,A2700030,1.4148,A2700066,15.5134,A2700013,28.5411,A2700013,28.5412,20241110_184024
경북,성주군,수륜면,40064,경상북도 성주군 수륜면 참별로 915,수륜면행정복지센터,128.192388,35.832983,4784033000,3160,A2700030,16.6988,A2700070,17.7294,A2700012,42.2403,A2700012,42.2453,20241110_184025
경북,성주군,용암면,40053,경상북도 성주군 용암면 운용로 1031,용암면행정복지센터,128.336856,35.8363443,4784032000,3557,A2700030,16.8862,A2700070,18.4735,A1303449,24.7133,A1300003,25.4144,20241110_184026
경북,성주군,월항면,40038,경상북도 성주군 월항면 주산로 366,월항면행정복지센터,128.3158,35.94561,4784039000,3165,A2700030,6.5544,A2700066,12.5697,A2700013,25.9544,A2700013,25.9544,20241110_184027
경북,성주군,초전면,40013,경상북도 성주군 초전면 대장길 107,초전면행정복지센터,128.263313,35.974626,4784038000,4269,A2700030,10.6429,A2700066,22.6972,A2700013,36.1482,A2700013,36.1521,20241110_184028
경북,안동시,강남동,36747,경상북도 안동시 강남5길 185,강남동행정복지센터,128.7271351,36.5486899,4717069000,10436,A2700014,7.8929,A2700004,8.0402,A2700001,10.0643,A2700004,8.0402,20241110_184029
경북,안동시,길안면,36735,경상북도 안동시 길안면 길안청송로 3,길안면행정복지센터,128.8943801,36.4559559,4717039000,2563,E2700554,18.9205,A2700014,23.6182,A2700004,26.2957,A2700004,26.2957,20241110_184030
경북,안동시,남선면,36741,경상북도 안동시 남선면 충효로 3866,남선면행정복지센터,128.769837,36.526192,4717037000,1975,A2700014,14.0455,A2700004,16.5862,A2700001,17.3294,A2700004,16.5862,20241110_184031
경북,안동시,남후면,36755,경상북도 안동시 남후면 남일로 1465-9,남후면행정복지센터,128.6899618,36.5236437,4717036000,1622,A2700014,7.7703,A2700004,12.2913,A2700001,14.3386,A2700004,12.2913,20241110_184032
경북,안동시,녹전면,36601,경상북도 안동시 녹전면 녹전로 713,녹전면행정복지센터,128.7737125,36.7428429,4717043000,1603,A2700071,28.7701,A2700004,30.2653,A2700031,30.943,A2700004,30.2605,20241110_184033
경북,안동시,도산면,36604,경상북도 안동시 도산면 퇴계로 2580,도산면행정복지센터,128.8338223,36.7451538,4717042000,1414,A2700001,30.1227,A2700004,31.2395,A2700071,38.5301,A2700004,31.2395,20241110_184034
경북,안동시,명륜동,36679,경상북도 안동시 퇴계로 221,명륜동행정복지센터,128.7330018,36.5767071,4717052000,4616,A2700001,3.7766,A2700004,5.662,A2700014,15.357,A2700004,5.662,20241110_184037
경북,안동시,북후면,36614,경상북도 안동시 북후면 북평로 877 ,북후면행정복지센터,128.7022829,36.6850376,4717032000,2772,A2700004,18.6583,A2700001,20.6608,A2700014,22.3219,A2700004,18.6583,20241110_184038
경북,안동시,서구동,36671,경상북도 안동시 안기천로 78,서구동행정복지센터,128.7174877,36.5643392,4717058500,8356,A2700004,4.0479,A2700001,6.1162,A2700014,9.2438,A2700004,4.0479,20241110_184038
경북,안동시,서후면,36616,경상북도 안동시 서후면 서후중앙길 20 ,서후면행정복지센터,128.66385,36.6169571,4717033000,3687,A2700014,15.8064,A2700004,17.9423,A2700001,20.7606,A2700004,17.9423,20241110_184039
경북,안동시,송하동,36641,경상북도 안동시 송하1길 60,송하동행정복지센터,128.6942669,36.5703591,4717066000,15448,A2700004,8.1883,A2700014,9.5231,A2700001,12.612,A2700004,8.1883,20241110_184041
경북,안동시,안기동,36626,경상북도 안동시 제비원로 355,안기동행정복지센터,128.7142953,36.5829861,4717063000,5877,A2700004,4.732,A2700001,6.8765,A2700014,14.6618,A2700004,4.732,20241110_184042
경북,안동시,예안면,36608,경상북도 안동시 예안면 임예로 1918,예안면행정복지센터,128.8851267,36.6612822,4717041000,1663,A2700001,30.4124,A2700004,31.5757,A2700014,41.4329,A2700004,31.5727,20241110_184044
경북,안동시,옥동,36664,경상북도 안동시 옥동3길 27,옥동행정복지센터,128.7017555,36.5614968,4717065000,20299,A2700014,5.7897,A2700004,8.0706,A2700001,10.8114,A2700004,8.0706,20241110_184045
경북,안동시,와룡면,36611,경상북도 안동시 와룡면 퇴계로 823 ,와룡면행정복지센터,128.766413,36.61644,4717031000,3777,A2700001,13.0023,A2700004,14.1466,A2700014,24.3732,A2700004,14.1438,20241110_184045
경북,안동시,용상동,36712,경상북도 안동시 전거리1길 93,용상동행정복지센터,128.749587,36.55915,4717055500,24445,A2700001,6.84,A2700004,8.5858,A2700014,15.35,A2700004,8.5858,20241110_184046
경북,안동시,일직면,36756,경상북도 안동시 일직면 중앙통길 12,일직면행정복지센터,128.659562,36.475301,4717035000,2438,A2700014,13.7995,A2700004,18.1276,A2700001,20.0912,A2700004,18.1114,20241110_184047
경북,안동시,임동면,36732,경상북도 안동시 임동면 편항1길 11,임동면행정복지센터,128.9175764,36.5688502,4717040000,1623,A2700014,28.5758,A2700001,30.3331,A2700004,31.2215,A2700004,31.2215,20241110_184048
경북,안동시,임하면,36738,경상북도 안동시 임하면 충효로 3254,임하면행정복지센터,128.8310079,36.5247368,4717038000,2599,A2700014,16.3311,A2700004,18.8897,A2700001,20.1297,A2700004,18.8887,20241110_184049
경북,안동시,중구동,36704,경상북도 안동시 서동문로 238,중구동행정복지센터,128.7376925,36.564776,4717051000,4864,A2700001,2.3126,A2700004,4.5254,A2700014,14.4749,A2700004,4.5254,20241110_184050
경북,안동시,태화동,36676,경상북도 안동시 태화중앙로 100,태화동행정복지센터,128.7139328,36.5611262,4717060000,12157,A2700004,4.8854,A2700001,6.7959,A2700014,9.2879,A2700004,4.8854,20241110_184050
경북,안동시,평화동,36647,경상북도 안동시 평화3길 5,평화동행정복지센터,128.7131293,36.5691268,4717062000,5868,A2700004,3.8293,A2700001,6.8146,A2700014,10.9966,A2700004,3.8293,20241110_184051
경북,안동시,풍산읍,36621,경상북도 안동시 풍산읍 풍산중앙길 99,풍산읍행정복지센터,128.572025,36.580125,4717025000,6031,A2700023,16.887,A2700014,20.0176,A2700004,22.0458,A2700004,22.0458,20241110_184052
경북,안동시,풍천면,36760,경상북도 안동시 풍천면 지풍로 1471 ,풍천면행정복지센터,128.506525,36.5561917,4717034000,7215,A2700023,22.5067,A2700014,30.2309,A2700063,40.5685,A2700004,32.2896,20241110_184053
경북,영덕군,강구면,36456,경상북도 영덕군 강구면 동해대로 4526,강구면행정복지센터,129.3786138,36.361843,4777031000,5667,A2700008,46.4145,A2700005,49.5275,A2700016,51.3321,A2700002,54.2189,20241110_184054
경북,영덕군,남정면,36463,경상북도 영덕군 남정면 진불길 43,남정면행정복지센터,129.3723663,36.2859938,4777032000,2209,A2700008,38.0167,A2700005,41.141,A2700016,43.0107,A2700002,46.0353,20241110_184056
경북,영덕군,달산면,36448,경상북도 영덕군 달산면 팔각산로 1829,달산면행정복지센터,129.3032598,36.3990698,4777033000,1056,A2700008,56.9654,A2700005,60.0812,A2700016,61.8549,A2700002,64.6217,20241110_184058
경북,영덕군,병곡면,36404,경상북도 영덕군 병곡면 병곡길 72,병곡면행정복지센터,129.410625,36.6023737,4777037000,2559,A2700052,36.0628,A2700026,48.9863,A2700008,62.0619,A2700002,69.7291,20241110_184100
경북,영덕군,영덕읍,36439,경상북도 영덕군 영덕읍 우곡길 62,영덕읍행정복지센터,129.3724067,36.4096229,4777025000,10239,A2700008,48.932,A2700005,52.0232,A2700016,53.8582,A2700002,56.7022,20241110_184101
경북,영덕군,영해면,36413,경상북도 영덕군 영해면 예주3길 7,영해면행정복지센터,129.407113,36.537558,4777036000,5862,A2700052,42.7763,A2700026,46.5539,A2700008,59.1391,A2700002,66.7849,20241110_184103
경북,영덕군,지품면,36444,경상북도 영덕군 지품면 경동로 7153 ,지품면행정복지센터,129.28205,36.448354,4777034000,1885,E2700554,34.7669,A2700026,45.966,A2700008,62.6855,A2700002,70.2995,20241110_184105
경북,영덕군,창수면,36401,경상북도 영덕군 창수면 신기길 5,창수면행정복지센터,129.3482,36.5462,4777038000,1516,A2700026,37.0777,A2700052,46.4379,E2700554,49.626,A2700002,71.1718,20241110_184106
경북,영덕군,축산면,36419,경상북도 영덕군 축산면 도곡길 67,축산면행정복지센터,129.414225,36.508992,4777035000,2363,A2700052,44.0757,A2700026,48.9229,A2700008,56.5573,A2700002,64.3387,20241110_184107
경북,영양군,석보면,36560,경상북도 영양군 석보면 원리3길 3,석보면행정복지센터,129.12455,36.558083,4776035000,1909,A2700026,19.8757,E2700554,27.6238,A2700001,56.3214,A2700004,55.0371,20241110_184109
경북,영양군,수비면,36522,경상북도 영양군 수비면 한티로 503,수비면행정복지센터,129.202563,36.765225,4776034000,1592,A2700026,24.173,E2700554,60.7764,A2700071,63.7765,A2700004,84.7646,20241110_184110
경북,영양군,영양읍,36537,경상북도 영양군 영양읍 군청길 53,영양읍행정복지센터,129.1142432,36.6672436,4776025000,6719,A2700026,2.6573,E2700554,41.5672,A2700001,66.5738,A2700004,68.3015,20241110_184111
경북,영양군,일월면,36515,경상북도 영양군 일월면 영양로 2419,일월면행정복지센터,129.1287501,36.7024131,4776033000,1639,A2700026,8.917,E2700554,45.7358,A2700071,66.2336,A2700004,71.7803,20241110_184113
경북,영양군,입암면,36548,경상북도 영양군 입암면 조기리길 10,입암면행정복지센터,129.0903077,36.5933035,4776031000,1991,A2700026,12.9347,E2700554,30.3167,A2700014,53.4167,A2700004,55.4481,20241110_184114
경북,영양군,청기면,36507,경상북도 영양군 청기면 청기1길 9-6,청기면행정복지센터,129.062285,36.6611773,4776032000,1553,A2700026,8.579,E2700554,40.9341,A2700004,53.4798,A2700004,53.4781,20241110_184115
경북,영주시,가흥1동,36137,경상북도 영주시 대동로13번길 9,가흥1동행정복지센터,128.6034571,36.8159935,4721062000,15370,A2700020,2.7225,A2702752,5.3083,A2700031,8.5743,A2700004,34.8357,20241110_184116
경북,영주시,가흥2동,36057,경상북도 영주시 가흥로 357 ,가흥2동행정복지센터,128.6116978,36.8293879,4721063000,10239,A2702752,4.2511,A2700031,4.4144,A2700020,5.7415,A2700004,36.3696,20241110_184117
경북,영주시,단산면,36008,경상북도 영주시 단산면 옥대로 36 ,단산면행정복지센터,128.619487,36.951301,4721038000,1728,A2700031,21.1906,A2702752,21.2914,A2700020,22.3893,A2700004,51.081,20241110_184118
경북,영주시,문수면,36171,경상북도 영주시 문수면 문수로1363번길 35,문수면행정복지센터,128.6305403,36.7720876,4721033000,1898,A2702752,10.3027,A2700020,11.5009,A2700031,12.8327,A2700004,31.8765,20241110_184119
경북,영주시,봉현면,36044,경상북도 영주시 봉현면 오현로 27,봉현면행정복지센터,128.525013,36.861424,4721036000,2543,A2702752,9.7907,A2700020,10.968,A2700031,13.3307,A2700004,38.8971,20241110_184119
경북,영주시,부석면,36004,경상북도 영주시 부석면 부석로 49,부석면행정복지센터,128.6541669,36.9788861,4721039000,2832,A2700071,24.304,A2702752,28.0295,A2700020,28.9062,A2700004,56.605,20241110_184122
경북,영주시,상망동,36068,경상북도 영주시 광복로 87 ,상망동행정복지센터,128.6283305,36.8281056,4721051000,7077,A2700031,4.5977,A2702752,7.6082,A2700020,11.6333,A2700004,40.4172,20241110_184123
경북,영주시,순흥면,36016,경상북도 영주시 순흥면 순흥로 67 ,순흥면행정복지센터,128.5749063,36.9157914,4721037000,1886,A2700031,17.1242,A2702752,17.2542,A2700020,18.3465,A2700004,48.6808,20241110_184124
경북,영주시,안정면,36050,경상북도 영주시 안정면 신재로 537,안정면행정복지센터,128.5566697,36.8459286,4721035000,2800,A2702752,7.6977,A2700020,8.9311,A2700031,10.19,A2700004,36.8339,20241110_184124
경북,영주시,영주1동,36073,경상북도 영주시 광복로 47 ,영주1동행정복지센터,128.6237042,36.8282527,4721055000,3557,A2700031,4.9294,A2702752,5.8191,A2700020,9.1992,A2700004,38.7907,20241110_184125
경북,영주시,영주2동,36099,경상북도 영주시 선비로181번길 10 ,영주2동행정복지센터,128.6187113,36.820814,4721056000,4538,A2700031,3.814,A2700020,6.1533,A2702752,7.5808,A2700004,37.0661,20241110_184126
경북,영주시,이산면,36170,경상북도 영주시 이산면 이산로 201,이산면행정복지센터,128.6562063,36.8217981,4721031000,2199,A2700031,10.0299,A2702752,13.7857,A2700020,14.7412,A2700004,37.2659,20241110_184127
경북,영주시,장수면,36145,경상북도 영주시 장수면 장수로 50,장수면행정복지센터,128.578688,36.774708,4721034000,2018,A2702752,11.2983,A2700020,12.3362,A2700031,14.0457,A2700004,36.4003,20241110_184128
경북,영주시,평은면,36174,경상북도 영주시 평은면 신평로 29,평은면행정복지센터,128.688515,36.7584366,4721032000,1374,A2702752,12.2475,A2700020,13.5106,A2700031,15.4439,A2700004,25.0262,20241110_184128
경북,영주시,풍기읍,36030,경상북도 영주시 풍기읍 남원로 80,풍기읍행정복지센터,128.5262727,36.8671714,4721025000,10478,A2702752,11.9973,A2700020,13.1951,A2700031,14.9317,A2700004,41.112,20241110_184129
경북,영주시,하망동,36089,경상북도 영주시 영주로280번길 21 ,하망동행정복지센터,128.6303515,36.8238988,4721052500,5767,A2700031,4.354,A2702752,8.6256,A2700020,10.1485,A2700004,36.1795,20241110_184130
경북,영주시,휴천1동,36162,경상북도 영주시 남간로 18 ,휴천1동행정복지센터,128.6263899,36.8207827,4721059000,6158,A2700031,2.1646,A2700020,7.2717,A2702752,8.3632,A2700004,36.3162,20241110_184131
경북,영주시,휴천2동,36118,경상북도 영주시 대학로 22 ,휴천2동행정복지센터,128.6217626,36.8100769,4721060000,9644,A2700020,6.8118,A2700031,7.0564,A2702752,8.0556,A2700004,33.0829,20241110_184131
경북,영주시,휴천3동,36150,경상북도 영주시 구성로273번길 30 ,휴천3동행정복지센터,128.6258484,36.8177771,4721061000,7203,A2700031,4.733,A2700020,8.0947,A2702752,9.3473,A2700004,34.3309,20241110_184132
경북,영천시,고경면,38901,경상북도 영천시 고경면 호국로 1065-25 ,고경면행정복지센터,129.04585,36.001592,4723038000,5735,A2700017,17.6984,A2700003,33.8328,A2700008,34.1658,A2700003,33.8328,20241110_184133
경북,영천시,금호읍,38877,경상북도 영천시 금호읍 금호로 153 ,금호읍행정복지센터,128.8776223,35.9333442,4723025000,10320,A2700017,7.7384,A1300018,35.0776,A1300081,38.8259,A1300009,42.4815,20241110_184135
경북,영천시,남부동,38896,경상북도 영천시 쇠늘안길 5(도동),남부동행정복지센터,128.9351674,35.9415,4723055500,3841,A2700017,11.35,A1300081,32.0507,A2700003,32.124,A2700003,32.124,20241110_184136
경북,영천시,대창면,38911,경상북도 영천시 대창면 금박로 1057-7,대창면행정복지센터,128.8946401,35.8760649,4723040000,3017,A2700017,16.6418,A2700036,30.381,A2700019,30.6767,A1300009,39.8496,20241110_184138
경북,영천시,동부동,38858,경상북도 영천시 상록4길 63(야사동) ,동부동행정복지센터,128.942575,35.974518,4723051000,26708,A2700017,9.5434,A2700003,39.309,A1300081,42.5525,A2700003,39.3151,20241110_184139
경북,영천시,북안면,38907,경상북도 영천시 북안면 운북로 1995 ,북안면행정복지센터,129.0091366,35.9153323,4723039000,4347,A2700017,16.1474,A2700003,25.0924,A2700097,28.3172,A2700003,25.0924,20241110_184141
경북,영천시,서부동,38839,경상북도 영천시 장수로 19(화룡동) ,서부동행정복지센터,128.9211565,35.9637331,4723053500,4476,A2700017,2.3812,A1300018,37.0798,A1300081,39.2517,A2700003,36.1182,20241110_184143
경북,영천시,신녕면,38803,경상북도 영천시 신녕면 화성중앙길 30 ,신녕면행정복지센터,128.7897786,36.0453276,4723032000,3639,A2700017,16.2179,A1300018,46.0432,A2700036,48.5875,A1300009,42.6757,20241110_184146
경북,영천시,완산동,38894,경상북도 영천시 완산2길 9(완산동),완산동행정복지센터,128.9468829,35.9641359,4723054000,9913,A2700017,10.254,A2700003,36.1717,A1300081,39.4763,A2700003,36.1708,20241110_184148
경북,영천시,임고면,38817,경상북도 영천시 임고면 포은로 491 ,임고면행정복지센터,128.9737655,36.0215,4723037000,4163,A2700017,13.7992,A2700097,40.2343,A2700003,41.6169,A2700003,41.6088,20241110_184149
경북,영천시,자양면,38814,경상북도 영천시 자양면 포은로 1631 ,자양면행정복지센터,129.0183414,36.0784287,4723036000,1319,A2700017,28.2073,A2700008,41.7266,A2700097,54.7435,A2700003,55.9547,20241110_184150
경북,영천시,중앙동,38838,경상북도 영천시 천문로 402-4(문내동),중앙동행정복지센터,128.9298753,35.9732638,4723052000,9196,A2700017,9.1896,A1300018,38.7613,A1300081,40.9129,A2700003,37.7956,20241110_184152
경북,영천시,청통면,38869,경상북도 영천시 청통면 금송로 978 ,청통면행정복지센터,128.822977,35.9921437,4723031000,3923,A2700017,19.2169,A1300018,40.5607,A1300081,42.6072,A1300009,44.648,20241110_184153
경북,영천시,화남면,38810,경상북도 영천시 화남면 신화로 1197 ,화남면행정복지센터,128.8890467,36.0590922,4723035000,3191,A2700017,18.9989,A1300018,44.0923,A1300081,47.0069,A1300009,49.8435,20241110_184155
경북,영천시,화북면,38813,경상북도 영천시 화북면 화북길 93 ,화북면행정복지센터,128.9193771,36.1082892,4723034000,2207,A2700017,26.4714,A1300081,52.6328,A2700036,58.096,A2700003,58.0091,20241110_184157
경북,영천시,화산면,38807,경상북도 영천시 화산면 연지길 16 ,화산면행정복지센터,128.852338,36.020417,4723033000,3039,A2700017,13.7232,A1300018,46.466,A2700036,46.6736,A1300009,52.472,20241110_184159
경북,예천군,감천면,36810,경상북도 예천군 감천면 충효로 1389,감천면행정복지센터,128.5265841,36.7208677,4790034000,2450,A2700023,12.5005,A2702752,15.8006,A2700020,16.693,A2700004,36.7682,20241110_184200
경북,예천군,개포면,36844,경상북도 예천군 개포면 신음리길 28-8,개포면행정복지센터,128.366463,36.608407,4790039000,1462,A2700023,14.6273,A2700006,20.4539,A2700063,35.9543,A2700006,20.451,20241110_184200
경북,예천군,보문면,36815,경상북도 예천군 보문면 미호길 127,보문면행정복지센터,128.5109206,36.6652881,4790035000,1569,A2700023,8.6229,A2702752,22.759,A2700020,23.5927,A2700004,29.8566,20241110_184201
경북,예천군,예천읍,36822,경북 예천군 예천읍 군청앞길 2(서본리 1-6),예천읍행정복지센터,128.452779,36.656871,4790025000,13835,A2700023,3.1346,A2702752,27.1814,A2700020,27.9128,A2700006,29.581,20241110_184202
경북,예천군,용궁면,36858,경상북도 예천군 용궁면 읍부1길 45,용궁면행정복지센터,128.2773486,36.6086838,4790038000,2248,A2700006,15.0391,A2700023,21.0586,A2700011,33.7993,A2700006,15.0391,20241110_184203
경북,예천군,용문면,36835,경상북도 예천군 용문면 금당실길 54,용문면행정복지센터,128.411013,36.690218,4790031000,2127,A2700023,11.91,A2702752,29.8041,A2700020,30.5703,A2700006,37.052,20241110_184204
경북,예천군,유천면,36840,경상북도 예천군 유천면 예성로 699-8,유천면행정복지센터,128.390063,36.635407,4790037000,2463,A2700023,11.7671,A2700006,25.2391,A2702752,30.7988,A2700006,25.239,20241110_184205
경북,예천군,은풍면,36803,경상북도 예천군 은풍면 은풍로 88,은풍면행정복지센터,128.4431143,36.7451086,4790043000,1275,A2700023,17.9311,A2702752,36.4171,A2700020,37.4346,A2700006,45.9598,20241110_184205
경북,예천군,지보면,36853,경상북도 예천군 지보면 지보로 126-5,지보면행정복지센터,128.39035,36.548308,4790040000,2570,A2700023,20.7678,A2700063,25.2984,A2700006,34.6457,A2700006,34.6468,20241110_184206
경북,예천군,풍양면,36865,경상북도 예천군 풍양면 낙상2길 50,풍양면행정복지센터,128.299013,36.510592,4790041000,2822,A2700063,22.8751,A2700009,26.7385,A2700006,29.2138,A2700006,29.2138,20241110_184207
경북,예천군,호명읍,36848,경북 예천군 호명읍 오천길 2(오천리 157-3),호명읍행정복지센터,128.4687361,36.594545,4790025300,20882,A2700023,11.4151,A2702752,30.6566,A2700020,31.3229,A2700004,35.2004,20241110_184208
경북,예천군,효자면,36801,경상북도 예천군 효자면 도효자로 1481,효자면행정복지센터,128.41885,36.771367,4790042000,1170,A2700023,20.1656,A2702752,40.5277,A2700020,42.7166,A2700006,48.1033,20241110_184210
경북,울릉군,북면,40211,경상북도 울릉군 북면 천부2길 15,북면행정복지센터,130.8746,37.54075,4794032000,1350,E2700553,25.0214,A2700052,273.7291,A2700005,297.2906,A2700002,302.5293,20241110_184211
경북,울릉군,서면,40235,경상북도 울릉군 서면 남양4길 31,서면행정복지센터,130.8380393,37.4675611,4794031000,1387,E2700553,16.4002,A2700052,261.0373,A2700005,287.7198,A2700002,292.5156,20241110_184212
경북,울릉군,울릉읍,40221,경상북도 울릉군 울릉읍 도동길 158,울릉읍행정복지센터,130.9036819,37.4850007,4794025000,6432,E2700553,2.1789,A2700052,261.4838,A2700005,286.4031,A2700002,291.7101,20241110_184213
경북,울진군,근남면,36334,경상북도 울진군 근남면 노음4길 6-7,근남면행정복지센터,129.394463,36.9627893,4793033000,2699,A2700052,5.6016,E2700554,79.1566,A2700026,79.5949,A2700002,98.866,20241110_184215
경북,울진군,금강송면,36301,경상북도 울진군 금강송면 삼근1길 23,금강송면행정복지센터,129.247175,36.935585,4793039000,1196,A2700052,22.5473,A2700071,48.5128,A2700026,72.3792,A2700004,82.6137,20241110_184216
경북,울진군,기성면,36348,경상북도 울진군 기성면 척산2길 8,기성면행정복지센터,129.451425,36.798192,4793035000,2333,A2700052,19.2402,A2700026,64.55,E2700554,64.5957,A2700002,84.5945,20241110_184217
경북,울진군,매화면,36339,경상북도 울진군 매화면 매화1길 95,매화면행정복지센터,129.382225,36.913207,4793040000,1932,A2700052,9.349,E2700554,74.6942,A2700026,74.992,A2700002,94.3848,20241110_184221
경북,울진군,북면,36305,경상북도 울진군 북면 부구3길 12,북면행정복지센터,129.3731604,37.1048012,4793031000,7459,A2700052,14.4337,A2700071,70.4554,E2700554,91.1696,A2700002,110.1472,20241110_184223
경북,울진군,온정면,36358,경상북도 울진군 온정면 소태로 23,온정면행정복지센터,129.3450238,36.723841,4793036000,1537,A2700052,39.9999,A2700026,53.7099,E2700554,70.4828,A2700002,89.9488,20241110_184224
경북,울진군,울진읍,36324,경상북도 울진군 울진읍 읍내10길 19,울진읍행정복지센터,129.4029773,36.9972037,4793025000,13384,A2700052,3.3686,E2700554,84.3033,A2700026,84.7351,A2700002,103.6997,20241110_184226
경북,울진군,죽변면,36315,경상북도 울진군 죽변면 죽변중앙로 165,죽변면행정복지센터,129.4223345,37.0598075,4793037000,6086,A2700052,10.4805,E2700554,87.8882,A2700026,88.745,A2700002,107.1109,20241110_184228
경북,울진군,평해읍,36366,경상북도 울진군 평해읍 평해로 82,평해읍행정복지센터,129.441347,36.7280587,4793025300,2496,A2700052,26.8645,E2700554,59.7704,A2700026,69.1221,A2700002,80.123,20241110_184229
경북,울진군,후포면,36370,경상북도 울진군 후포면 삼율로 7-20,후포면행정복지센터,129.4393218,36.678567,4793038000,6990,A2700052,29.6438,E2700554,55.326,A2700026,55.4034,A2700002,76.0115,20241110_184231
경북,의성군,가음면,37358,경상북도 의성군 가음면 금성현서로 455,가음면행정복지센터,128.724662,36.234135,4773036000,1439,A2700014,45.0935,A2700004,49.678,A2700001,51.545,A2700004,49.6786,20241110_184233
경북,의성군,구천면,37367,경상북도 의성군 구천면 소보안계로 1601,구천면행정복지센터,128.432613,36.347407,4773040000,1690,A2700063,9.0821,A2700007,44.545,A2700015,47.1593,A2700013,47.2787,20241110_184234
경북,의성군,금성면,37354,경상북도 의성군 금성면 탑리길 115,금성면행정복지센터,128.681038,36.261367,4773037000,4075,A2700014,39.0629,A2700004,43.6202,A2700001,45.4732,A2700004,43.62,20241110_184236
경북,의성군,다인면,37303,경상북도 의성군 다인면 서릉길 37,다인면행정복지센터,128.353838,36.45031,4773044000,3650,A2700063,13.5072,A2700009,31.7978,A2700023,32.8636,A2700006,37.5824,20241110_184237
경북,의성군,단밀면,37374,경상북도 의성군 단밀면 중동단밀로 949,단밀면행정복지센터,128.381763,36.376124,4773041000,1617,A2700063,8.5805,A2700023,44.2277,A2700007,44.947,A2700013,47.6003,20241110_184239
경북,의성군,단북면,37371,경상북도 의성군 단북면 단북다인로 168,단북면행정복지센터,128.4048944,36.3875365,4773042000,1674,A2700063,5.5725,A2700023,42.1619,A2700007,47.8719,A2700013,49.954,20241110_184240
경북,의성군,단촌면,37327,경상북도 의성군 단촌면 장터길 23,단촌면행정복지센터,128.6743162,36.4220822,4773031000,1859,A2700014,20.1407,A2700063,24.5597,A2700004,24.6334,A2700004,24.6322,20241110_184241
경북,의성군,봉양면,37362,경상북도 의성군 봉양면 도리원3길 31,봉양면행정복지센터,128.576354,36.3007596,4773038000,3859,A2700063,19.2945,A2700014,36.7764,A2700004,41.5272,A1300010,49.3242,20241110_184243
경북,의성군,비안면,37364,경상북도 의성군 비안면 강변길 59,비안면행정복지센터,128.490187,36.337349,4773039000,2566,A2700063,13.2214,A2700023,47.7091,A2700015,50.0814,A2700013,53.5689,20241110_184244
경북,의성군,사곡면,37347,경상북도 의성군 사곡면 의성사곡로 973,사곡면행정복지센터,128.7878463,36.3063295,4773034000,1526,A2700014,42.7133,A2700004,47.6069,A2700001,49.5864,A2700004,47.6073,20241110_184246
경북,의성군,신평면,37314,경상북도 의성군 신평면 봉호로 2454,신평면행정복지센터,128.502438,36.47366,4773045000,786,A2700063,25.1375,A2700023,31.5326,A2700014,39.6324,A2700004,44.3733,20241110_184247
경북,의성군,안계면,37312,경상북도 의성군 안계면 안계길 114,안계면행정복지센터,128.439587,36.383615,4773043000,4252,A2700063,3.1626,A2700023,44.2217,A2700007,50.2433,A2700013,54.4797,20241110_184249
경북,의성군,안사면,37306,경상북도 의성군 안사면 안신로 645,안사면행정복지센터,128.4616504,36.4310873,4773047000,854,A2700063,12.0624,A2700023,46.3369,A2700007,52.8426,A2700013,55.1582,20241110_184252
경북,의성군,안평면,37318,경상북도 의성군 안평면 안평의성로 36,안평면행정복지센터,128.5842,36.37674,4773046000,2056,A2700063,28.8574,A2700014,32.6836,A2700004,37.272,A2700004,37.2724,20241110_184253
경북,의성군,옥산면,37324,경상북도 의성군 옥산면 신감옥산로 1180,옥산면행정복지센터,128.8099542,36.3928291,4773033000,1705,E2700554,35.1125,A2700014,38.1144,A2700004,42.1644,A2700004,42.1644,20241110_184255
경북,의성군,의성읍,37337,경상북도 의성군 의성읍 후죽3길 5,의성읍행정복지센터,128.6946618,36.3554853,4773025000,12381,A2700014,27.0325,A2700063,30.0233,A2700004,31.6519,A2700004,31.6508,20241110_184256
경북,의성군,점곡면,37321,경상북도 의성군 점곡면 점곡길 73,점곡면행정복지센터,128.7679173,36.4241006,4773032000,1517,A2700014,29.585,A2700004,34.2497,E2700554,35.4233,A2700004,34.2503,20241110_184257
경북,의성군,춘산면,37348,경상북도 의성군 춘산면 금성현서로 1481,춘산면행정복지센터,128.8117085,36.2375392,4773035000,1488,A2700017,54.6075,A2700014,55.2502,A2700004,59.7328,A2700004,59.7336,20241110_184259
경북,청도군,각남면,38321,경상북도 청도군 각남면 각남로 74,각남면행정복지센터,128.6590647,35.641991,4782031000,2108,A2700038,13.399,A2700019,31.3603,A2700036,35.0393,A1300009,57.0123,20241110_184301
경북,청도군,각북면,38302,경상북도 청도군 각북면 헐티로 801,각북면행정복지센터,128.58925,35.687293,4782033000,2300,A1300011,47.3813,A1300001,49.3306,A1300045,52.1357,A1300004,53.5069,20241110_184304
경북,청도군,금천면,38362,경상북도 청도군 금천면 선암로 575,금천면행정복지센터,128.8924165,35.6871905,4782036000,3205,A2700038,28.2169,A2700019,31.263,A2700036,32.8226,A1300009,57.1412,20241110_184305
경북,청도군,매전면,38354,경상북도 청도군 매전면 청려로 3693 ,매전면행정복지센터,128.8556081,35.6670841,4782037000,3736,A2700038,20.5716,A2700019,35.7631,A2700036,37.1695,A1300009,60.1205,20241110_184307
경북,청도군,운문면,38367,경상북도 청도군 운문면 청려로 4707 ,운문면행정복지센터,128.913125,35.715626,4782035000,1942,A2700038,31.8118,A2700036,35.7874,A2700019,36.2256,A2700003,52.5826,20241110_184309
경북,청도군,이서면,38317,경상북도 청도군 이서면 이서로 145-18,이서면행정복지센터,128.670537,35.663249,4782034000,4461,A2700038,13.109,A2700019,30.1644,A2700036,33.9094,A1300009,49.1584,20241110_184310
경북,청도군,청도읍,38340,경상북도 청도군 청도읍 청화로 137,청도읍행정복지센터,128.7412839,35.645434,4782025300,11222,A2700038,2.8596,A2700019,25.3601,A2700036,28.9912,A1300009,48.0578,20241110_184312
경북,청도군,풍각면,38310,경상북도 청도군 풍각면 송서로 70,풍각면행정복지센터,128.6183686,35.6388822,4782032000,3725,A2700038,16.5953,A1300011,49.6518,A1300001,52.1346,A1300004,59.8544,20241110_184315
경북,청도군,화양읍,38334,경상북도 청도군 화양읍 도주관로 159,화양읍행정복지센터,128.706138,35.649865,4782025000,8079,A2700038,7.3359,A2700019,29.4446,A2700036,33.7979,A1300009,52.073,20241110_184316
경북,청송군,부남면,37443,경상북도 청송군 부남면 대전로 119,부남면행정복지센터,129.063312,36.344624,4775032000,2371,E2700554,16.6148,A2700026,49.8577,A2700008,63.3619,A2700003,78.3667,20241110_184318
경북,청송군,안덕면,37451,경상북도 청송군 안덕면 안덕로 82,안덕면행정복지센터,128.9599555,36.2889767,4775035000,2453,E2700554,29.7337,A2700004,53.5174,A2700001,55.1487,A2700004,53.516,20241110_184320
경북,청송군,주왕산면,37438,경상북도 청송군 주왕산면 이전앞길 1,주왕산면행정복지센터,129.1593984,36.3568891,4775031500,1784,E2700554,24.689,A2700026,55.4255,A2700008,78.7999,A2700002,85.9745,20241110_184322
경북,청송군,진보면,37405,경상북도 청송군 진보면 진안동2길 4-10,진보면행정복지센터,129.046675,36.529475,4775037000,6211,E2700554,21.1012,A2700026,24.9403,A2700014,43.8052,A2700004,46.4893,20241110_184324
경북,청송군,청송읍,37429,경상북도 청송군 청송읍 중앙로 253,청송읍행정복지센터,129.0567498,36.434162,4775025000,4870,E2700554,2.919,A2700026,39.3566,A2700004,41.0023,A2700004,41.0023,20241110_184326
경북,청송군,파천면,37416,경상북도 청송군 파천면 청송로 5544,파천면행정복지센터,129.037813,36.463051,4775036000,1669,E2700554,7.9056,A2700026,31.6263,A2700014,34.3373,A2700004,36.9941,20241110_184327
경북,청송군,현동면,37456,경상북도 청송군 현동면 청송로 2647,현동면행정복지센터,129.016838,36.290667,4775033000,2023,E2700554,23.0662,A2700026,56.5866,A2700001,61.7334,A2700003,69.8262,20241110_184328
경북,청송군,현서면,37462,경상북도 청송군 현서면 구산동로 27,현서면행정복지센터,128.895937,36.2758773,4775034000,2395,E2700554,38.0757,A2700014,45.4774,A2700004,48.1937,A2700004,48.2058,20241110_184330
경북,칠곡군,가산면,39852,경상북도 칠곡군 가산면 경북대로 1570,가산면행정복지센터,128.5389035,36.085977,4785033000,3217,A2700015,19.6661,A1300010,22.7349,A1300005,26.908,A1300010,22.7289,20241110_184332
경북,칠곡군,기산면,39914,경상북도 칠곡군 기산면 주산로 1213,기산면행정복지센터,128.382786,35.9863749,4785037000,2955,A2700066,6.0964,A2700030,13.246,A2700013,19.6203,A2700013,19.6224,20241110_184333
경북,칠곡군,동명면,39859,경상북도 칠곡군 동명면 금암중앙길 56,동명면행정복지센터,128.5534526,35.9840481,4785032000,5071,A1300010,8.0669,A1300005,12.5572,A1300007,25.8656,A1300010,8.0669,20241110_184335
경북,칠곡군,북삼읍,39808,경상북도 칠곡군 북삼읍 인평1길 6,북삼읍행정복지센터,128.3429453,36.0629252,4785025300,23294,A2700066,15.088,A2700013,15.6727,A2700007,16.7223,A2700013,15.6724,20241110_184336
경북,칠곡군,석적읍,39844,경상북도 칠곡군 석적읍 남율로7길 7,석적읍행정복지센터,128.4010545,36.0667815,4785025600,30264,A2700066,11.4579,A2700013,12.5157,A2700015,17.0931,A2700013,12.5157,20241110_184337
경북,칠곡군,약목면,39824,경상북도 칠곡군 약목면 복성1길 15,약목면행정복지센터,128.363738,36.03275,4785036000,8780,A2700066,9.423,A2700013,18.4955,A2700030,19.1837,A2700013,18.4955,20241110_184337
경북,칠곡군,왜관읍,39895,"경상북도 칠곡군 석적읍 강변대로 1580, 컨벤션홀 (임시청사)",왜관읍행정복지센터,128.4040784,36.0178781,4785025000,30739,A2700066,7.2162,A2700013,18.5011,A2700015,21.5209,A2700013,18.5011,20241110_184338
경북,칠곡군,지천면,39864,경상북도 칠곡군 지천면 신동로 171,지천면행정복지센터,128.4910544,35.9562001,4785031000,3799,A1300005,15.3857,A1300010,18.8852,A1300007,23.749,A1300010,18.8853,20241110_184340
경북,포항시 남구,구룡포읍,37936,경상북도 포항시 남구 구룡포읍 호미로 133,구룡포읍행정복지센터,129.5461489,35.9851252,4711125000,6695,A2700002,25.7727,A2700008,27.3754,A2700016,31.2542,A2700002,25.7719,20241110_184342
경북,포항시 남구,대송면,37857,경상북도 포항시 남구 대송면 장동홍계길 19,대송면행정복지센터,129.359925,35.968501,4711131000,3148,A2700008,12.7157,A2700016,15.9747,A2700002,16.6319,A2700002,16.6319,20241110_184345
경북,포항시 남구,대이동,37685,경상북도 포항시 남구 대이로 17,대이동행정복지센터,129.3429899,36.0172502,4711159000,24410,A2700016,3.3161,A2700008,6.0627,A2700002,10.258,A2700002,10.258,20241110_184346
경북,포항시 남구,동해면,37926,경상북도 포항시 남구 동해면 일월로 66,동해면행정복지센터,129.4401691,35.9884726,4711132000,9310,A2700002,17.9662,A2700016,23.3819,A2700008,24.5894,A2700002,17.9662,20241110_184347
경북,포항시 남구,상대동,37766,경상북도 포항시 남구 상대로 98,상대동행정복지센터,129.3569633,36.0140192,4711152500,23278,A2700002,4.3729,A2700016,7.3861,A2700008,10.3344,A2700002,4.3729,20241110_184348
경북,포항시 남구,송도동,37800,경상북도 포항시 남구 송림로 25,송도동행정복지센터,129.3786677,36.0361131,4711155000,11325,A2702563,9.5692,A2700002,9.8849,A2700005,14.1802,A2700002,9.8849,20241110_184348
경북,포항시 남구,연일읍,37852,경상북도 포항시 남구 연일읍 철강로 10,연일읍행정복지센터,129.3441,35.991618,4711125300,28398,A2700016,10.2366,A2700008,12.527,A2700002,13.5064,A2700002,13.5064,20241110_184349
경북,포항시 남구,오천읍,37912,경상북도 포항시 남구 오천읍 세계길 5,오천읍행정복지센터,129.4146597,35.9631672,4711125600,57335,A2700002,20.4234,A2700008,20.4884,A2700016,22.7277,A2700002,20.4252,20241110_184351
경북,포항시 남구,장기면,37945,경상북도 포항시 남구 장기면 읍내길 99,장기면행정복지센터,129.49229,35.8957657,4711133000,3796,A2700008,34.1953,A2700016,37.4195,A2700002,39.4483,A2700002,39.4481,20241110_184352
경북,포항시 남구,제철동,37878,경상북도 포항시 남구 인덕로 79,제철동행정복지센터,129.397125,35.992318,4711157000,2325,A2700002,9.8232,A2700016,15.7149,A2700008,16.9186,A2700002,9.8232,20241110_184353
경북,포항시 남구,청림동,37920,경상북도 포항시 남구 신항로 10,청림동행정복지센터,129.4056856,35.9973642,4711156000,4716,A2700002,13.3129,A2700016,18.7678,A2700008,20.0486,A2700002,13.3129,20241110_184355
경북,포항시 남구,해도동,37795,경상북도 포항시 남구 상공로 235,해도동행정복지센터,129.3714395,36.0232746,4711154500,16203,A2700002,5.7986,A2702563,11.4004,A2700005,12.3552,A2700002,5.7986,20241110_184356
경북,포항시 남구,호미곶면,37928,경상북도 포항시 남구 호미곶면 해맞이로 242,호미곶면행정복지센터,129.5555306,36.0808541,4711135000,1696,A2700008,41.4855,A2700002,43.9221,A2700016,49.3007,A2700002,43.9221,20241110_184358
경북,포항시 남구,효곡동,37664,경상북도 포항시 남구 효자동길 30,효곡동행정복지센터,129.3294116,36.0103335,4711158000,29541,A2700016,5.1795,A2700008,10.7755,A2700002,13.1859,A2700002,13.1859,20241110_184359
경북,포항시 북구,기계면,37528,경상북도 포항시 북구 기계면 근면길 14,기계면행정복지센터,129.21025,36.072433,4711334000,4809,A2700008,13.9689,A2700016,19.0638,A2700005,20.3274,A2700003,29.2029,20241110_184400
경북,포항시 북구,기북면,37524,경상북도 포항시 북구 기북면 기북로 443,기북면행정복지센터,129.16635,36.128582,4711336000,1301,A2700008,23.6678,A2700016,28.7375,A2700005,30.0562,A2700003,38.8225,20241110_184401
경북,포항시 북구,두호동,37708,경상북도 포항시 북구 삼호로 260,두호동행정복지센터,129.3800726,36.06092,4711369000,21499,A2702563,8.366,A2700005,17.0671,A2700002,17.2209,A2700002,17.2209,20241110_184402
경북,포항시 북구,송라면,37511,경상북도 포항시 북구 송라면 보경로 56,송라면행정복지센터,129.3569449,36.2288341,4711333000,2373,A2700008,33.4635,A2700005,36.7557,A2700016,38.5662,A2700002,41.9997,20241110_184404
경북,포항시 북구,신광면,37522,경상북도 포항시 북구 신광면 토성길37번길 13,신광면행정복지센터,129.2629066,36.1301355,4711331000,2762,A2700008,22.7924,A2700005,25.9888,A2700016,27.8917,A2700002,31.0553,20241110_184406
경북,포항시 북구,양학동,37695,경상북도 포항시 북구 양학로17번길 4,양학동행정복지센터,129.35035,36.025292,4711363000,16735,A2700002,6.2023,A2700005,6.3656,A2700016,6.6964,A2700002,6.2023,20241110_184406
경북,포항시 북구,용흥동,37652,경상북도 포항시 북구 새마을로 20,용흥동행정복지센터,129.3576629,36.038331,4711366500,20214,A2700005,4.6796,A2702563,6.3825,A2700016,8.8877,A2700002,9.0515,20241110_184407
경북,포항시 북구,우창동,37636,경상북도 포항시 북구 우창동로 24,우창동행정복지센터,129.3617193,36.0546798,4711368000,31917,A2702563,8.5481,A2700005,9.0513,A2700008,12.2346,A2700002,13.4635,20241110_184407
경북,포항시 북구,장량동,37586,경상북도 포항시 북구 장량로 50,장량동행정복지센터,129.3859196,36.0819654,4711370000,68777,A2702563,15.8424,A2700008,17.2733,A2700005,19.2822,A2700002,24.1001,20241110_184408
경북,포항시 북구,죽도동,37744,경상북도 포항시 북구 죽도로40번길 28,죽도동행정복지센터,129.3631924,36.0312323,4711365500,18949,A2700005,6.2696,A2702563,7.2373,A2700002,7.3479,A2700002,7.3479,20241110_184409
경북,포항시 북구,죽장면,37507,경상북도 포항시 북구 죽장면 새마을로 3610,죽장면행정복지센터,129.095775,36.160182,4711335000,2655,A2700008,33.3882,E2700554,40.7547,A2700017,46.5701,A2700003,48.3295,20241110_184410
경북,포항시 북구,중앙동,37718,경상북도 포항시 북구 학산로 54,중앙동행정복지센터,129.368524,36.0493963,4711352000,14070,A2702563,3.3771,A2700005,12.2037,A2700002,14.4527,A2700002,14.4527,20241110_184411
경북,포항시 북구,청하면,37515,경상북도 포항시 북구 청하면 청하로217번길 22,청하면행정복지센터,129.3407879,36.201124,4711332000,4444,A2700008,25.5079,A2700005,28.8291,A2700016,30.6291,A2700002,33.9829,20241110_184413
경북,포항시 북구,환여동,37601,경상북도 포항시 북구 삼호로 400,환여동행정복지센터,129.3917767,36.0682046,4711371000,8847,A2702563,11.2627,A2700005,20.182,A2700002,20.8543,A2700002,20.8543,20241110_184414
경북,포항시 북구,흥해읍,37544,경상북도 포항시 북구 흥해읍 동해대로 1511,흥해읍행정복지센터,129.341663,36.107199,4711325000,50513,A2700008,14.0489,A2700005,17.431,A2700016,19.1901,A2700002,22.529,20241110_184415
대구,군위군,군위읍,43114,대구광역시 군위군 군위읍 중앙길 134,군위읍행정복지센터,128.5687564,36.2399427,2772025000,7855,A2700063,25.0949,A2700015,36.874,A1300010,39.6969,A1300010,39.6969,20241110_184416
대구,군위군,부계면,43162,대구광역시 군위군 부계면 창평길 3,부계면행정복지센터,128.663725,36.1007737,2772033000,2085,A1300010,34.3406,A1300005,38.6255,A1300018,50.9052,A1300010,34.3406,20241110_184419
대구,군위군,산성면,43158,대구광역시 군위군 산성면 산성가음로 668,산성면행정복지센터,128.6948951,36.1230536,2772036000,1181,A1300010,33.8421,A1300018,50.346,A1300009,51.8839,A1300010,33.8421,20241110_184421
대구,군위군,삼국유사면,43155,대구광역시 군위군 삼국유사면 삼국유사로 448,삼국유사면행정복지센터,128.7949095,36.1233928,2772037000,1299,A2700017,29.5314,A2700036,60.7067,A1300018,61.1635,A1300010,50.6762,20241110_184424
대구,군위군,소보면,43102,대구광역시 군위군 소보면 송백로 1415,소보면행정복지센터,128.4752186,36.2549903,2772031000,2275,A2700063,26.866,A2700013,37.2043,A2700015,37.4781,A2700013,37.2043,20241110_184426
대구,군위군,우보면,43142,대구광역시 군위군 우보면 이화길 105,우보면행정복지센터,128.661788,36.194985,2772034000,1926,A1300010,42.931,A1300005,45.3511,A1300033,63.0384,A1300010,42.931,20241110_184429
대구,군위군,의흥면,43149,대구광역시 군위군 의흥면 읍내길 39,의흥면행정복지센터,128.7154143,36.1759366,2772035000,2273,A1300010,44.2911,A1300018,60.0868,A1300009,61.4263,A1300010,44.2911,20241110_184433
대구,군위군,효령면,43129,대구광역시 군위군 효령면 치산효령로 2400,호령면행정복지센터,128.5854,36.156865,2772032000,3664,A2700015,29.9662,A1300010,32.7012,A1300005,37.2677,A1300010,32.7012,20241110_184434
대구,남구,대명1.0동,42481,대구광역시 남구 대명복개로4길 166,대명10동행정복지센터,128.5689436,35.8399455,2720065000,8334,A1300034,2.8262,A1300004,3.5801,A1300076,6.9088,A1300004,3.5801,20241110_184435
대구,남구,대명1.1동,42497,대구광역시 남구 관문시장4길 53,대명11동행정복지센터,128.5605798,35.8362311,2720066000,7590,A1300034,6.0793,A1300045,6.7242,A1300004,8.1218,A1300004,8.1218,20241110_184436
대구,남구,대명1동,42470,대구광역시 남구 두류공원로 38,대명1동행정복지센터,128.573572,35.8417184,2720056000,9904,A1300034,1.8695,A1300004,1.9438,A1300076,5.2725,A1300004,1.9438,20241110_184436
대구,남구,대명2동,42409,대구광역시 남구 명덕로32길 30,대명2동행정복지센터,128.586625,35.855299,2720057100,11878,A1300001,5.6693,A1303386,6.1179,A1300076,8.4346,A1300009,17.0043,20241110_184437
대구,남구,대명3동,42408,대구광역시 남구 명덕로20길 115,대명3동행정복지센터,128.5790477,35.8522949,2720058600,9594,A1300076,3.6753,A1300001,4.4321,A1300034,6.4492,A1300004,7.2304,20241110_184437
대구,남구,대명4동,42460,대구광역시 남구 두류공원로20길 19,대명4동행정복지센터,128.5695253,35.8459699,2720059000,9788,A1300004,3.3891,A1300076,3.9324,A1300034,4.8293,A1300004,3.3891,20241110_184438
대구,남구,대명5동,42449,대구광역시 남구 대명로58길 11,대명5동행정복지센터,128.587787,35.84319,2720060000,5409,A1300001,4.5481,A1300034,6.651,A1300076,10.3159,A1300004,8.3123,20241110_184439
대구,남구,대명6동,42494,대구광역시 남구 대명남로 73,대명6동행정복지센터,128.5660381,35.8351195,2720061000,10913,A1300034,5.8041,A1300045,6.8728,A1300004,7.8466,A1300004,7.8466,20241110_184440
대구,남구,대명9동,42488,대구광역시 남구 큰골길 53,대명9동행정복지센터,128.579184,35.8372793,2720064000,13809,A1300034,3.9011,A1300001,5.2254,A1300004,5.5625,A1300004,5.5625,20241110_184440
대구,남구,봉덕1동,42429,대구광역시 남구 봉덕로 51-2,봉덕1동행정복지센터,128.5964247,35.8452937,2720053000,8094,A1300001,5.0513,A1300034,7.7698,A1300002,10.9194,A1300004,9.4311,20241110_184441
대구,남구,봉덕2동,42442,대구광역시 남구 이천로10길 50,봉덕2동행정복지센터,128.6010957,35.8438162,2720054000,13177,A1300001,6.3196,A1300002,8.6309,A1300033,10.3496,A1300009,10.4674,20241110_184442
대구,남구,봉덕3동,42447,대구광역시 남구 중앙대로22길 100,봉덕3동행정복지센터,128.5959657,35.8424172,2720055000,14773,A1300001,5.6266,A1300034,7.7683,A1300002,11.2962,A1300009,9.1975,20241110_184443
대구,남구,이천동,42431,대구광역시 남구 이천로28길 18,이천동행정복지센터,128.5994252,35.8537107,2720051500,12694,A1300001,7.3358,A1300002,7.3691,A1300033,10.8782,A1300009,14.4717,20241110_184444
대구,달서구,감삼동,42644,대구광역시 달서구 감삼북길 119-10,감삼동행정복지센터,128.5421798,35.8510442,2729055500,30432,A1300006,0.5661,A1300110,1.3692,A1300007,7.1487,A1300004,11.0464,20241110_184444
대구,달서구,도원동,42832,대구광역시 달서구 한실로 53,도원동행정복지센터,128.5321772,35.8074544,2729062800,32422,A1300011,9.2609,A1300038,10.8004,A1300045,14.6373,A1300003,19.5122,20241110_184446
대구,달서구,두류1.2동,42664,대구광역시 달서구 두류길 141-8,두류1·2동행정복지센터,128.5672859,35.8577618,2729053500,14432,A1300076,6.0274,A1300004,8.1293,A1300034,9.5696,A1300004,8.1293,20241110_184448
대구,달서구,두류3동,42648,대구광역시 달서구 야외음악당로39길 24,두류3동행정복지센터,128.5554722,35.8537,2729055000,8498,A1300110,8.3914,A1300006,8.5386,A1300004,10.086,A1300004,10.086,20241110_184449
대구,달서구,본동,42733,대구광역시 달서구 구마로26길 62,본동행정복지센터,128.5410486,35.8344418,2729065000,11893,A1300006,6.9977,A1300110,7.6143,A1300045,9.8231,A1300004,11.134,20241110_184449
대구,달서구,본리동,42675,대구광역시 달서구 당산로 37-14,본리동행정복지센터,128.5431592,35.8409942,2729059000,22189,A1300006,5.8252,A1300110,6.4418,A1300045,9.4201,A1300004,11.6639,20241110_184451
대구,달서구,상인1동,42812,대구광역시 달서구 상인서로 40,상인1동행정복지센터,128.5450203,35.8142582,2729062400,33344,A1300011,6.1803,A1300045,7.2336,A1300038,9.7903,A1300004,14.3563,20241110_184453
대구,달서구,상인2동,42790,대구광역시 달서구 상원로 27,상인2동행정복지센터,128.536239,35.8124428,2729062500,17788,A1300038,6.5908,A1300011,7.2831,A1300045,11.5219,A1300004,15.7367,20241110_184453
대구,달서구,상인3동,42815,대구광역시 달서구 월곡로26안길 3,상인3동행정복지센터,128.5507233,35.8088299,2729062600,10011,A1300011,4.4718,A1300038,9.3011,A1300045,9.9662,A1300004,17.0384,20241110_184455
대구,달서구,성당동,42678,대구광역시 달서구 야외음악당로 38,성당동행정복지센터,128.5530987,35.8405861,2729051500,21247,A1300045,6.3695,A1300004,7.6804,A1300006,7.9506,A1300004,7.6804,20241110_184456
대구,달서구,송현1동,42819,대구광역시 달서구 중흥로8길 41,송현1동행정복지센터,128.5547037,35.829258,2729063000,16788,A1300045,2.049,A1300011,8.855,A1300004,9.0443,A1300004,9.0443,20241110_184457
대구,달서구,송현2동,42738,대구광역시 달서구 월배로83길 120-14,송현2동행정복지센터,128.5455794,35.8327884,2729064000,18361,A1300045,4.0689,A1300006,8.0506,A1300110,8.6672,A1300004,9.4235,20241110_184458
대구,달서구,신당동,42609,대구광역시 달서구 선원로 60,신당동행정복지센터,128.4988313,35.8589725,2729058500,28881,A1300003,7.1835,A1300007,11.699,A1300006,12.8824,A1300003,7.1338,20241110_184500
대구,달서구,용산1동,42631,대구광역시 달서구 용산로 212-7,용산1동행정복지센터,128.5312224,35.8566653,2729057100,29031,A1300007,4.4808,A1300006,5.5876,A1300110,6.1046,A1300003,14.4631,20241110_184504
대구,달서구,용산2동,42617,대구광역시 달서구 선원로 278,용산2동행정복지센터,128.5229863,35.8584246,2729057200,25906,A1300007,5.8829,A1300006,7.505,A1300110,8.022,A1300003,13.9994,20241110_184506
대구,달서구,월성1동,42778,대구광역시 달서구 조암남로 97,월성1동행정복지센터,128.522854,35.8195264,2729060100,40208,A1300038,9.0989,A1300011,12.232,A1300110,13.9078,A1300003,17.7794,20241110_184508
대구,달서구,월성2동,42732,대구광역시 달서구 월성로 65,월성2동행정복지센터,128.5282856,35.8309462,2729060200,14127,A1300006,9.705,A1300110,10.2243,A1300007,12.0437,A1300003,15.7595,20241110_184510
대구,달서구,유천동,42761,대구광역시 달서구 조암로 175,유천동행정복지센터,128.5139392,35.8172537,2729061700,33372,A1300038,7.0168,A1300006,13.8321,A1300110,14.3989,A1300003,14.0974,20241110_184512
대구,달서구,이곡1동,42620,대구광역시 달서구 달구벌대로 1309,이곡1동행정복지센터,128.5106609,35.8516505,2729057600,20664,A1300003,7.908,A1300006,8.9219,A1300110,9.4389,A1300003,7.908,20241110_184513
대구,달서구,이곡2동,42611,대구광역시 달서구 계대동문로 77,이곡2동행정복지센터,128.5007228,35.8557404,2729057700,14807,A1300003,7.2054,A1300007,12.0848,A1300006,13.576,A1300003,7.2054,20241110_184515
대구,달서구,장기동,42691,대구광역시 달서구 장기로 277,장기동행정복지센터,128.5299774,35.8433525,2729056800,15545,A1300006,5.4467,A1300110,5.966,A1300007,10.0323,A1300004,14.7577,20241110_184516
대구,달서구,죽전동,42638,대구광역시 달서구 죽전1길 176,죽전동행정복지센터,128.5390666,35.8565871,2729056300,14346,A1300007,2.6369,A1300006,5.3109,A1300110,5.8268,A1300004,13.4589,20241110_184518
대구,달서구,진천동,42772,대구광역시 달서구 진천로9길 33,진천동행정복지센터,128.5228173,35.8122129,2729061500,49420,A1300038,3.4007,A1300045,11.1858,A1300011,12.4378,A1300004,16.9184,20241110_184520
대구,달성군,가창면,42934,대구광역시 달성군 가창면 가창로 1100,가창면행정복지센터,128.6228183,35.8026898,2771031000,7074,A1300002,13.0941,A1300033,14.7353,A1300001,16.1999,A1300009,21.8355,20241110_184523
대구,달성군,구지면,43010,대구광역시 달성군 구지면 창리로11길 38,구지면행정복지센터,128.4136123,35.6587771,2771038000,19083,A1303449,11.7768,A2700070,26.4749,A1300038,29.4666,A1300003,35.3059,20241110_184524
대구,달성군,논공읍,42968,대구광역시 달성군 논공읍 비슬로 1779,논공읍행정복지센터,128.4199139,35.7743052,2771025300,15808,A1303449,22.1395,A1300038,23.6418,A1300006,24.8688,A1300003,30.0696,20241110_184526
대구,달성군,다사읍,42916,대구광역시 달성군 다사읍 매곡로 7,다사읍행정복지센터,128.4539279,35.8618434,2771025600,90891,A1300003,8.3522,A1300038,19.542,A1300006,21.2766,A1300003,8.3522,20241110_184528
대구,달성군,옥포읍,42970,대구광역시 달성군 옥포읍 비슬로 2215,옥포읍행정복지센터,128.4640097,35.7892427,2771026200,23299,A1300038,15.7999,A1300006,16.4256,A1303449,18.2652,A1300003,20.7851,20241110_184529
대구,달성군,유가읍,43015,대구광역시 달성군 유가읍 테크노상업로 95,유가읍행정복지센터,128.4598163,35.6939301,2771025900,31142,A1303449,6.4349,A1300038,22.6506,A1300011,26.4844,A1300003,32.1468,20241110_184531
대구,달성군,하빈면,42902,대구광역시 달성군 하빈면 하빈로84길 1,하빈면행정복지센터,128.4455026,35.9009231,2771033000,3318,A1300003,16.0078,A2700066,22.1413,A1300038,25.2602,A1300003,16.0078,20241110_184534
대구,달성군,현풍읍,42998,대구광역시 달성군 현풍읍 비슬로134길 157,현풍읍행정복지센터,128.4476094,35.6974654,2771026500,21883,A1303449,7.8252,A1300038,23.5781,A1300011,27.4271,A1300003,33.1555,20241110_184536
대구,달성군,화원읍,42957,대구광역시 달성군 화원읍 화암로 10 (임시청사),화원읍행정복지센터,128.4896829,35.7978101,2771025000,45769,A1300038,13.1685,A1300011,16.7618,A1300006,18.7265,A1300003,20.2559,20241110_184538
대구,동구,공산동,41005,대구광역시 동구 팔공로91길 9,공산동행정복지센터,128.6441922,35.9401899,2714076000,20488,A1300018,20.5713,A1300009,23.2887,A1300002,30.6366,A1300009,16.1921,20241110_184542
대구,동구,도평동,41031,대구광역시 동구 팔공로24길 171,도평동행정복지센터,128.6501392,35.9099797,2714061500,3653,A1300018,18.5615,A1300009,19.777,A1300002,25.4957,A1300009,19.777,20241110_184545
대구,동구,동촌동,41143,대구광역시 동구 동촌로11길 5,동촌동행정복지센터,128.6496347,35.8899364,2714065500,14473,A1300018,5.4552,A1300009,9.7927,A1300033,17.3667,A1300009,9.7927,20241110_184546
대구,동구,방촌동,41162,대구광역시 동구 동촌로48길 26,방촌동행정복지센터,128.6652466,35.8800556,2714067000,17458,A1300018,4.164,A1300009,12.5344,A1300081,15.7479,A1300009,12.5344,20241110_184547
대구,동구,불로.봉무동,41035,대구광역시 동구 팔공로25길 16,불로·봉무동행정복지센터,128.6393269,35.9102497,2714062000,19925,A1300018,16.3026,A1300009,18.2495,A1300002,23.3582,A1300009,18.2495,20241110_184548
대구,동구,신암1동,41196,대구광역시 동구 아양로7길 27,신암1동행정복지센터,128.6163562,35.8843012,2714051000,11065,A1300009,4.1091,A1300033,8.6494,A1300002,12.3953,A1300009,4.1091,20241110_184549
대구,동구,신암2동,41202,대구광역시 동구 신성로 56,신암2동행정복지센터,128.6126639,35.88005,2714052000,11744,A1300009,6.0306,A1300033,6.9901,A1300002,11.8876,A1300009,6.0306,20241110_184550
대구,동구,신암3동,41211,대구광역시 동구 신암남로 67,신암3동행정복지센터,128.6231349,35.8796635,2714053000,11278,A1300009,3.8585,A1300033,8.5528,A1300002,11.6602,A1300009,3.8585,20241110_184550
대구,동구,신암4동,41217,대구광역시 동구 신암남로23길 53,신암4동행정복지센터,128.6293226,35.8850672,2714054000,18131,A1300009,3.3012,A1300018,11.3098,A1300033,12.8951,A1300009,3.3012,20241110_184551
대구,동구,신암5동,41182,대구광역시 동구 아양로37길 92,신암5동행정복지센터,128.6330879,35.8897669,2714054100,7618,A1300009,5.9979,A1300018,11.2034,A1300008,17.2079,A1300009,5.9979,20241110_184552
대구,동구,신천1.2동,41267,대구광역시 동구 국채보상로159길 41,신천1·2동행정복지센터,128.615241,35.8707546,2714055500,11555,A1300033,2.4879,A1300002,7.0755,A1300008,9.2262,A1300009,9.4884,20241110_184552
대구,동구,신천3동,41256,대구광역시 동구 장등로 90,신천3동행정복지센터,128.6235913,35.8754258,2714057000,14377,A1300033,6.6441,A1300009,8.0204,A1300002,10.3976,A1300009,8.0204,20241110_184553
대구,동구,신천4동,41248,대구광역시 동구 동부로30길 61-7,신천4동행정복지센터,128.6293,35.8717571,2714058000,10231,A1300033,10.2197,A1300009,10.6667,A1300002,13.341,A1300009,10.6667,20241110_184553
대구,동구,안심1동,41119,대구광역시 동구 율하동로25길 5,안심1동행정복지센터,128.7016363,35.8703932,2714072000,38398,A1300018,10.4344,A1300081,13.3729,A2700036,14.1804,A1300009,20.5072,20241110_184554
대구,동구,안심2동,41124,대구광역시 동구 반야월로1길 28,안심2동행정복지센터,128.6870351,35.8754157,2714073000,16090,A1300018,5.7226,A1300081,13.888,A1300009,16.3985,A1300009,16.3985,20241110_184555
대구,동구,안심3동,41087,"대구광역시 동구 안심로 368, 2층",안심3동행정복지센터,128.7246224,35.8678287,2714074200,20318,A1300081,15.1333,A2700036,15.9389,A1300018,17.3606,A1300009,25.9494,20241110_184556
대구,동구,안심4동,41112,대구광역시 동구 안심로49길 98,안심4동행정복지센터,128.7110557,35.8701262,2714074700,26877,A1300018,11.8575,A1300081,11.9965,A2700036,13.049,A1300009,21.8253,20241110_184557
대구,동구,지저동,41049,대구광역시 동구 해동로3길 80,지저동행정복지센터,128.6382862,35.8933795,2714064000,13157,A1300009,8.3579,A1300018,8.9999,A1300033,16.5167,A1300009,8.3579,20241110_184558
대구,동구,해안동,41135,대구광역시 동구 방촌로29길 46,해안동행정복지센터,128.6715962,35.8821236,2714068500,13747,A1300018,3.2623,A1300009,14.2364,A1300081,15.8167,A1300009,14.2364,20241110_184559
대구,동구,혁신동,41112,대구광역시 동구 이노밸리로26길 8,혁신동행정복지센터,128.7114986,35.8780289,2714075500,17178,A1300018,12.1373,A1300081,15.7597,A2700036,16.5725,A1300009,21.7407,20241110_184600
대구,동구,효목1동,41176,대구광역시 동구 화랑로41길 46,효목1동행정복지센터,128.6448881,35.8816208,2714059000,12018,A1300009,10.0679,A1300018,11.5013,A1300033,13.0562,A1300009,10.0679,20241110_184600
대구,동구,효목2동,41232,대구광역시 동구 화랑로25길 45,효목2동행정복지센터,128.6413229,35.8781211,2714060000,13619,A1300009,10.683,A1300033,11.2756,A1300018,11.61,A1300009,11.1509,20241110_184601
대구,북구,검단동,41511,대구광역시 북구 검단로 230,검단동행정복지센터,128.6297538,35.9137739,2723068000,5797,A1300009,17.5984,A1300018,18.7009,A1300002,21.2552,A1300009,17.5984,20241110_184603
대구,북구,고성동,41595,대구광역시 북구 고성로31길 21,고성동행정복지센터,128.5835804,35.881913,2723051000,12261,A1300008,7.5917,A1303386,9.1645,A1300002,12.2888,A1300009,14.6631,20241110_184604
대구,북구,관문동,41488,대구광역시 북구 매천로18길 34,관문동행정복지센터,128.542088,35.901665,2723071500,33285,A1300005,10.0152,A1300007,13.6472,A1300010,13.8865,A1300010,13.8865,20241110_184605
대구,북구,관음동,41441,대구광역시 북구 관음동로 125,관음동행정복지센터,128.5473053,35.9442427,2723075000,14726,A1300005,4.2692,A1300010,8.6963,A1300007,21.6293,A1300010,8.6963,20241110_184607
대구,북구,구암동,41428,대구광역시 북구 구암서로 32,구암동행정복지센터,128.566043,35.9389057,2723074500,31973,A1300005,7.2573,A1300010,8.0579,A1300008,27.1179,A1300010,8.0579,20241110_184609
대구,북구,국우동,41418,대구광역시 북구 구리로 188,국우동행정복지센터,128.5793409,35.9516391,2723080000,30374,A1300010,6.484,A1300005,11.7833,A1300002,24.7214,A1300010,6.484,20241110_184611
대구,북구,노원동,41558,대구광역시 북구 노원로10길 166,노원동행정복지센터,128.576228,35.89014,2723079000,11233,A1300008,13.0743,A1303386,13.5467,A1300076,17.6595,A1300009,15.0222,20241110_184612
대구,북구,대현동,41573,대구광역시 북구 대현남로 25,대현동행정복지센터,128.6054161,35.8819333,2723064500,16056,A1300009,7.6185,A1300033,9.4904,A1300002,10.8375,A1300009,7.6185,20241110_184613
대구,북구,동천동,41427,대구광역시 북구 대천로 81,동천동행정복지센터,128.5580729,35.9372162,2723078000,25901,A1300005,4.2923,A1300010,9.8112,A1300007,22.9213,A1300010,9.8112,20241110_184614
대구,북구,무태조야동,41475,대구광역시 북구 호국로43길 20,무태조야동행정복지센터,128.5970987,35.9213384,2723069500,33783,A1300002,16.4357,A1300033,16.8941,A1300008,17.2229,A1300009,17.27,20241110_184616
대구,북구,복현1동,41564,대구광역시 북구 동북로52길 7,복현1동행정복지센터,128.61855,35.893749,2723067100,6985,A1300009,6.253,A1300033,15.5762,A1300008,16.601,A1300009,6.253,20241110_184617
대구,북구,복현2동,41528,대구광역시 북구 복현로8길 16-5,복현2동행정복지센터,128.6254438,35.8954566,2723067200,29212,A1300009,8.2923,A1300018,13.384,A1300033,17.43,A1300009,8.2923,20241110_184619
대구,북구,산격1동,41533,대구광역시 북구 연암로 36길 6,산격1동행정복지센터,128.5969732,35.9003822,2723061000,7945,A1300009,11.217,A1300002,11.7216,A1300033,12.2,A1300009,11.217,20241110_184620
대구,북구,산격2동,41519,대구광역시 북구 동북로31길 30,산격2동행정복지센터,128.6092594,35.9017014,2723062000,9864,A1300009,13.4061,A1300002,15.4411,A1300008,15.8436,A1300009,13.4061,20241110_184621
대구,북구,산격3동,41544,대구광역시 북구 대학로 95(임시청사),산격3동행정복지센터,128.6101674,35.8936497,2723063000,8430,A1300009,10.6665,A1300008,12.5928,A1300002,12.6153,A1300009,10.6665,20241110_184622
대구,북구,산격4동,41543,대구광역시 북구 대구체육관로 48,산격4동행정복지센터,128.6042805,35.8922712,2723063100,7432,A1300009,9.9121,A1300008,12.2269,A1300002,12.2639,A1300009,9.9121,20241110_184622
대구,북구,읍내동,41439,대구광역시 북구 칠곡중앙대로 561,읍내동행정복지센터,128.5505268,35.9459215,2723077000,24499,A1300005,3.8233,A1300010,7.2728,A1300007,21.4508,A1300010,7.2728,20241110_184623
대구,북구,칠성동,41578,대구광역시 북구 칠성로19길 4,칠성동행정복지센터,128.5999257,35.8791089,2723052600,21630,A1300008,7.4422,A1300033,8.1855,A1300009,9.6381,A1300009,9.6381,20241110_184624
대구,북구,침산1동,41551,대구광역시 북구 침산남로13길 16,침산1동행정복지센터,128.581175,35.8903321,2723055000,3607,A1300008,13.6119,A1303386,14.0955,A1300002,14.3309,A1300009,14.6183,20241110_184626
대구,북구,침산2동,41561,대구광역시 북구 침산남로 195,침산2동행정복지센터,128.5969766,35.8872842,2723056000,17237,A1300008,9.589,A1300002,10.0402,A1300009,10.1185,A1300009,10.1185,20241110_184627
대구,북구,침산3동,41550,대구광역시 북구 성북로 55,침산3동행정복지센터,128.5894316,35.89206,2723057000,18313,A1300002,9.1512,A1300008,10.8962,A1303386,13.9445,A1300009,10.8359,20241110_184628
대구,북구,태전1동,41456,대구광역시 북구 태전로7길 10-24,태전1동행정복지센터,128.5431895,35.9240581,2723072500,21695,A1300005,5.9689,A1300010,10.6297,A1300007,16.2735,A1300010,10.6297,20241110_184629
대구,북구,태전2동,41466,대구광역시 북구 칠곡중앙대로52길 32,태전2동행정복지센터,128.548766,35.9214797,2723073500,22645,A1300005,5.4386,A1300010,12.4443,A1300007,19.1511,A1300009,12.339,20241110_184631
대구,서구,내당1동,41864,대구광역시 서구 서대구로4길 35,내당1동행정복지센터,128.5607263,35.8606545,2717051000,9601,A1300110,8.2858,A1300076,8.9385,A1300004,10.1402,A1300004,10.1402,20241110_184631
대구,서구,내당2.3동,41811,대구광역시 서구 큰장로15길 11-1,내당2·3동행정복지센터,128.5707795,35.8632482,2717052500,8393,A1303386,6.8458,A1300076,7.8184,A1300001,8.6691,A1300009,10.6099,20241110_184632
대구,서구,내당4동,41853,대구광역시 서구 서대구로3길 46,내당4동행정복지센터,128.55175,35.8589404,2717054000,14735,A1300110,5.9662,A1300006,6.0069,A1300007,6.2326,A1300004,9.4468,20241110_184633
대구,서구,비산1동,41744,대구광역시 서구 북비산로65길 18,비산1동행정복지센터,128.5689458,35.8811924,2717055000,8403,A1300008,10.2051,A1303386,10.8229,A1300076,14.9357,A1300009,16.2783,20241110_184634
대구,서구,비산2.3동,41797,대구광역시 서구 국채보상로81길 43,비산2·3동행정복지센터,128.5747125,35.8758154,2717056500,8105,A1303386,8.08,A1300008,8.7303,A1300076,12.1804,A1300009,16.1491,20241110_184635
대구,서구,비산4동,41808,대구광역시 서구 국채보상로78길 29-4,비산4동행정복지센터,128.574308,35.8697526,2717058000,8820,A1303386,7.2284,A1300008,9.9778,A1300076,10.5251,A1300009,17.8456,20241110_184636
대구,서구,비산5동,41718,대구광역시 서구 달서천로65길 17,비산5동행정복지센터,128.5696192,35.8863039,2717059000,5211,A1300008,11.8269,A1303386,13.7148,A1300076,16.4122,A1300009,16.2047,20241110_184638
대구,서구,비산6동,41782,대구광역시 서구 문화로67길 3,비산6동행정복지센터,128.569075,35.87629,2717060000,6748,A1303386,9.5469,A1300008,10.4046,A1300076,13.6597,A1300009,16.4358,20241110_184639
대구,서구,비산7동,41709,대구광역시 서구 염색공단로5길 4,비산7동행정복지센터,128.553558,35.8879427,2717061000,8532,A1300007,11.6342,A1300005,13.8703,A1300110,15.3149,A1300009,16.4016,20241110_184640
대구,서구,상중이동,41842,대구광역시 서구 당산로 343,상중이동행정복지센터,128.5461141,35.8669758,2717067500,17991,A1300007,4.0164,A1300110,6.8251,A1300006,6.8658,A1300004,13.2556,20241110_184642
대구,서구,원대동,41716,대구광역시 서구 달서로 257,원대동행정복지센터,128.5734662,35.8853501,2717069500,10235,A1303386,12.0665,A1300008,13.3578,A1300076,16.1894,A1300009,16.3249,20241110_184644
대구,서구,평리1동,41787,대구광역시 서구 문화로 280,평리1동행정복지센터,128.5632042,35.8756068,2717062000,6760,A1303386,9.7524,A1300007,11.7008,A1300076,13.8531,A1300009,16.0924,20241110_184645
대구,서구,평리2동,41813,대구광역시 서구 국채보상로60길 6,평리2동행정복지센터,128.563644,35.8712267,2717063000,7258,A1303386,9.0506,A1300110,11.2197,A1300076,11.4376,A1300009,18.6726,20241110_184646
대구,서구,평리3동,41772,대구광역시 서구 문화로 261,평리3동행정복지센터,128.5613061,35.8759617,2717064000,12524,A1300007,10.9846,A1303386,12.3452,A1300110,13.5473,A1300009,16.6884,20241110_184647
대구,서구,평리4동,41828,대구광역시 서구 국채보상로46길 37-3,평리4동행정복지센터,128.5568122,35.8673387,2717065000,16016,A1300007,8.5035,A1300110,8.601,A1300006,8.6416,A1300009,21.7586,20241110_184648
대구,서구,평리5동,41769,대구광역시 서구 국채보상로 151(임시청사),평리5동행정복지센터,128.5506009,35.8742198,2717066000,8568,A1300007,7.3319,A1300110,9.8527,A1300006,10.7335,A1300004,13.0488,20241110_184649
대구,서구,평리6동,41763,대구광역시 서구 서대구로41길 41,평리6동행정복지센터,128.5500837,35.8765877,2717066100,5563,A1300007,7.554,A1300110,11.1917,A1300006,11.2324,A1300004,13.5477,20241110_184650
대구,수성구,고산1동,42277,대구광역시 수성구 달구벌대로 3260-2,고산1동행정복지센터,128.712388,35.8371144,2726067000,31192,A1300081,5.4119,A2700036,8.3491,A2700019,12.3855,A1300009,23.1237,20241110_184652
대구,수성구,고산2동,42262,대구광역시 수성구 달구벌대로 3091,고산2동행정복지센터,128.6951688,35.8434019,2726068000,26469,A1300081,4.0655,A2700036,13.3682,A1300018,15.7881,A1300009,16.6885,20241110_184653
대구,수성구,고산3동,42266,대구광역시 수성구 고산로 152,고산3동행정복지센터,128.7065669,35.8441109,2726069000,30143,A1300081,2.9519,A2700036,11.3874,A2700019,14.4918,A1300009,19.6603,20241110_184653
대구,수성구,두산동,42172,대구광역시 수성구 상화로 95,두산동행정복지센터,128.6175259,35.8353136,2726064000,14652,A1300033,12.9866,A1300002,13.0915,A1300001,15.5747,A1300009,17.9654,20241110_184655
대구,수성구,만촌1동,42043,대구광역시 수성구 국채보상로 1001,만촌1동행정복지센터,128.6399664,35.8663111,2726055000,20770,A1300033,9.4236,A1300009,13.2358,A1300002,13.3544,A1300009,13.2358,20241110_184655
대구,수성구,만촌2동,42066,대구광역시 수성구 무열로 12,만촌2동행정복지센터,128.6472178,35.8598566,2726056000,10381,A1300002,12.2636,A1300009,12.3833,A1300018,13.4603,A1300009,12.3833,20241110_184657
대구,수성구,만촌3동,42068,대구광역시 수성구 교학로2길 45,만촌3동행정복지센터,128.650625,35.855499,2726056100,21039,A1300081,11.1528,A1300002,14.2547,A1300033,15.9213,A1300009,16.3368,20241110_184657
대구,수성구,범물1동,42241,대구광역시 수성구 범안로 76,범물1동행정복지센터,128.6459696,35.817762,2726066100,10150,A1300081,11.8666,A1300018,15.2713,A1300002,19.0856,A1300009,19.8178,20241110_184659
대구,수성구,범물2동,42242,대구광역시 수성구 범안로 52,범물2동행정복지센터,128.6434402,35.8175861,2726066200,15939,A1300018,16.837,A1300002,17.3479,A1300033,19.0392,A1300009,23.0604,20241110_184700
대구,수성구,범어1동,42116,대구광역시 수성구 범어천로 97,범어1동행정복지센터,128.6220352,35.8555656,2726051000,20205,A1300002,8.615,A1300033,9.6764,A1300008,13.6847,A1300009,14.432,20241110_184701
대구,수성구,범어2동,42026,대구광역시 수성구 달구벌대로489안길 47,범어2동행정복지센터,128.6310757,35.8622691,2726052000,14360,A1300002,9.6471,A1300033,11.9534,A1300008,14.2575,A1300009,14.3008,20241110_184702
대구,수성구,범어3동,42013,대구광역시 수성구 상록로 42,범어3동행정복지센터,128.6241846,35.8632763,2726053000,17501,A1300002,6.9545,A1300033,8.1996,A1300009,10.6285,A1300009,10.6285,20241110_184703
대구,수성구,범어4동,42088,대구광역시 수성구 달구벌대로504길 26,범어4동행정복지센터,128.6381714,35.8561882,2726054000,19068,A1300002,12.0757,A1300033,15.1459,A1300009,16.7087,A1300009,16.7087,20241110_184704
대구,수성구,상동,42168,대구광역시 수성구 들안로9길 56,상동행정복지센터,128.6154039,35.8321069,2726062000,14575,A1300002,12.3386,A1300033,13.994,A1300001,15.7321,A1300009,18.8713,20241110_184705
대구,수성구,수성1가동,42127,대구광역시 수성구 명덕로73길 7,수성1가동행정복지센터,128.6103112,35.8552321,2726057000,16958,A1300002,5.7036,A1300033,7.1092,A1300008,10.7733,A1300009,11.465,20241110_184706
대구,수성구,수성2.3가동,42119,대구광역시 수성구 명덕로 443-2,수성2·3가동행정복지센터,128.6190324,35.8547729,2726058000,10515,A1300002,6.9682,A1300033,8.56,A1300008,12.0379,A1300009,13.0732,20241110_184707
대구,수성구,수성4가동,42005,대구광역시 수성구 들안로67길 64,수성4가동행정복지센터,128.616638,35.862665,2726059000,13365,A1300002,5.1797,A1300033,7.7172,A1300008,10.2494,A1300009,10.4486,20241110_184707
대구,수성구,중동,42134,대구광역시 수성구 수성로50길 38,중동행정복지센터,128.6150346,35.847374,2726061000,14462,A1300002,8.5123,A1300033,9.9179,A1300001,11.0666,A1300009,14.8597,20241110_184708
대구,수성구,지산1동,42196,대구광역시 수성구 지범로21길 16,지산1동행정복지센터,128.6370121,35.8248724,2726065100,19487,A1300002,16.7937,A1300033,18.4764,A1300001,20.1606,A1300009,23.468,20241110_184710
대구,수성구,지산2동,42216,대구광역시 수성구 용학로33길 9,지산2동행정복지센터,128.6280122,35.8231297,2726065200,18800,A1300002,17.2006,A1300033,18.8404,A1300001,20.5803,A1300009,23.7825,20241110_184711
대구,수성구,파동,42231,대구광역시 수성구 파동로 136,파동행정복지센터,128.6151312,35.8154478,2726063000,15219,A1300002,14.3241,A1300033,15.9908,A1300034,16.3402,A1300009,17.9839,20241110_184713
대구,수성구,황금1동,42111,대구광역시 수성구 청호로57길 10,황금1동행정복지센터,128.6381715,35.8439538,2726060100,21890,A1300002,15.4526,A1300033,17.0619,A1300018,19.3322,A1300009,20.4948,20241110_184714
대구,수성구,황금2동,42144,대구광역시 수성구 청솔로2길 64,황금2동행정복지센터,128.6237245,35.8471947,2726060200,11337,A1300002,11.298,A1300033,12.5004,A1300001,13.8523,A1300009,17.3757,20241110_184715
대구,중구,남산1동,41968,대구광역시 중구 2.28길 18-15,남산1동행정복지센터,128.5904272,35.8593362,2711064000,4327,A1300001,6.7809,A1303386,7.0038,A1300076,8.437,A1300009,17.2931,20241110_184716
대구,중구,남산2동,41966,대구광역시 중구 명륜로 27-1,남산2동행정복지센터,128.5895375,35.8640404,2711065000,7182,A1303386,4.2132,A1300008,6.1869,A1300002,8.8081,A1300009,14.313,20241110_184717
대구,중구,남산3동,41969,대구광역시 중구 남산로4길 70,남산3동행정복지센터,128.5854883,35.8598713,2711066000,6070,A1303386,4.8258,A1300001,7.6706,A1300076,9.5753,A1300009,12.6604,20241110_184718
대구,중구,남산4동,41977,대구광역시 중구 남산로1길 42,남산4동행정복지센터,128.5805738,35.8581982,2711067000,16274,A1300001,5.4466,A1303386,6.1415,A1300076,7.3109,A1300009,10.2457,20241110_184718
대구,중구,대봉1동,41951,대구광역시 중구 달구벌대로440길 27,대봉1동행정복지센터,128.6043,35.861649,2711068000,7757,A1300002,2.6373,A1300008,7.707,A1303386,8.4621,A1300009,13.4826,20241110_184719
대구,중구,대봉2동,41955,대구광역시 중구 대봉로47길 31,대봉2동행정복지센터,128.5993473,35.8587666,2711069000,4644,A1300002,4.4698,A1303386,8.4434,A1300008,9.0394,A1300009,13.4058,20241110_184720
대구,중구,대신동,41929,대구광역시 중구 달구벌대로389길 50,대신동행정복지센터,128.5762676,35.8655452,2711059500,7436,A1303386,6.5036,A1300076,8.8722,A1300001,9.5344,A1300009,18.1415,20241110_184721
대구,중구,동인동,41946,대구광역시 중구 국채보상로142길 19-5,동인동행정복지센터,128.6091498,35.8679123,2711051700,9723,A1300002,2.9815,A1300008,6.3001,A1300033,9.6857,A1300009,13.4842,20241110_184721
대구,중구,삼덕동,41946,대구광역시 중구 달구벌대로447길 72-11,삼덕동행정복지센터,128.6089,35.865549,2711054500,6688,A1300002,2.3961,A1300008,6.053,A1300033,7.7702,A1300009,11.8286,20241110_184722
대구,중구,성내1동,41942,대구광역시 중구 동성로2길 7,성내1동행정복지센터,128.5957865,35.8666483,2711056500,4821,A1303386,7.1088,A1300008,8.8553,A1300002,9.7126,A1300009,17.0724,20241110_184722
대구,중구,성내2동,41934,대구광역시 중구 달구벌대로415길 48,성내2동행정복지센터,128.5903863,35.868375,2711057500,7834,A1300008,4.5885,A1303386,6.6189,A1300002,9.4009,A1300009,16.2832,20241110_184723
대구,중구,성내3동,41922,대구광역시 중구 달성로 111,성내3동행정복지센터,128.5818047,35.8750109,2711058500,12052,A1303386,5.5189,A1300008,7.6045,A1300001,11.1196,A1300009,14.3169,20241110_184724
